owner_login,name,number
0atman,noboilerplate,48
1712n,dn-institute,293
3DStreet,3dstreet-editor,274
9oya,analytics_logger_gen,4
AbanteAI,mentat,116
AbanteAI,mentat,322
AbstractSDK,abstract,209
AbstractSDK,cw-orchestrator,345
ActivityWatch,aw-watcher-window,95
AdaptiveMotorControlLab,AmadeusGPT,11
AgentOps-AI,agentops,96
Alibaba-MIIL,ASL,59
Automattic,wp-calypso,83292
Automattic,wp-calypso,84168
Azure,azure-kusto-java,300
Azure,azure-kusto-java,301
Azure,bicep-registry-modules,331
Azure,bicep-registry-modules,373
BibliothecaDAO,eternum,438
BibliothecaDAO,eternum,440
BibliothecaDAO,eternum,442
BibliothecaDAO,eternum,444
BibliothecaDAO,eternum,445
BibliothecaDAO,eternum,449
BibliothecaDAO,eternum,454
BibliothecaDAO,eternum,456
BibliothecaDAO,eternum,458
BookBeat,knightbus,100
Bouni,python-luxtronik,154
CUBRID,cubrid,4492
Canner,WrenAI,57
Canner,WrenAI,58
ChimeraOS,chimeraos,800
CitizenLabDotCo,citizenlab,4616
City-of-Helsinki,linkedevents,889
ClickHouse,ClickHouse,47874
Codium-ai,AlphaCodium,10
Codium-ai,AlphaCodium,15
Codium-ai,AlphaCodium,16
Codium-ai,AlphaCodium,18
Codium-ai,AlphaCodium,19
Codium-ai,AlphaCodium,25
Codium-ai,AlphaCodium,28
Codium-ai,AlphaCodium,29
Codium-ai,AlphaCodium,31
Codium-ai,AlphaCodium,32
Codium-ai,AlphaCodium,35
Codium-ai,AlphaCodium,38
Codium-ai,AlphaCodium,40
Codium-ai,AlphaCodium,41
Codium-ai,AlphaCodium,7
Codium-ai,AlphaCodium,8
Codium-ai,AlphaCodium,9
Codium-ai,pr-agent,139
Codium-ai,pr-agent,338
Codium-ai,pr-agent,400
Codium-ai,pr-agent,481
Codium-ai,pr-agent,587
Codium-ai,pr-agent,594
Codium-ai,pr-agent,598
Codium-ai,pr-agent,600
Codium-ai,pr-agent,601
Codium-ai,pr-agent,605
Codium-ai,pr-agent,607
Codium-ai,pr-agent,612
Codium-ai,pr-agent,613
Codium-ai,pr-agent,614
Codium-ai,pr-agent,616
Codium-ai,pr-agent,618
Codium-ai,pr-agent,620
Codium-ai,pr-agent,621
Codium-ai,pr-agent,622
Codium-ai,pr-agent,624
Codium-ai,pr-agent,627
Codium-ai,pr-agent,628
Codium-ai,pr-agent,629
Codium-ai,pr-agent,630
Codium-ai,pr-agent,634
Codium-ai,pr-agent,636
Codium-ai,pr-agent,638
Codium-ai,pr-agent,639
Codium-ai,pr-agent,640
Codium-ai,pr-agent,641
Codium-ai,pr-agent,643
Codium-ai,pr-agent,644
Codium-ai,pr-agent,646
Codium-ai,pr-agent,649
Codium-ai,pr-agent,650
Codium-ai,pr-agent,651
Codium-ai,pr-agent,653
Codium-ai,pr-agent,654
Codium-ai,pr-agent,655
Codium-ai,pr-agent,656
Codium-ai,pr-agent,661
Codium-ai,pr-agent,665
Codium-ai,pr-agent,666
Codium-ai,pr-agent,667
Codium-ai,pr-agent,670
Codium-ai,pr-agent,672
Codium-ai,pr-agent,673
Codium-ai,pr-agent,674
Codium-ai,pr-agent,675
Codium-ai,pr-agent,677
Codium-ai,pr-agent,678
Codium-ai,pr-agent,679
Codium-ai,pr-agent,680
Codium-ai,pr-agent,681
Codium-ai,pr-agent,682
Codium-ai,pr-agent,683
Codium-ai,pr-agent,684
Codium-ai,pr-agent,686
Codium-ai,pr-agent,687
Codium-ai,pr-agent,691
Codium-ai,pr-agent,694
Codium-ai,pr-agent,695
Codium-ai,pr-agent,696
Codium-ai,pr-agent,700
Codium-ai,pr-agent,701
Codium-ai,pr-agent,705
Codium-ai,pr-agent,706
Codium-ai,pr-agent,707
Codium-ai,pr-agent,708
Codium-ai,pr-agent,709
Codium-ai,pr-agent,710
Codium-ai,pr-agent,712
Codium-ai,pr-agent,714
Codium-ai,pr-agent,715
Codium-ai,pr-agent,716
Codium-ai,pr-agent,717
Codium-ai,pr-agent,719
Codium-ai,pr-agent,720
Codium-ai,pr-agent,723
Codium-ai,pr-agent,725
Codium-ai,pr-agent,727
Codium-ai,pr-agent,729
Codium-ai,pr-agent,730
Codium-ai,pr-agent,736
Codium-ai,pr-agent,744
Codium-ai,pr-agent,745
Codium-ai,pr-agent,746
Codium-ai,pr-agent,747
Codium-ai,pr-agent,748
Codium-ai,pr-agent,750
Codium-ai,pr-agent,751
Codium-ai,pr-agent,756
Codium-ai,pr-agent,757
Codium-ai,pr-agent,759
Codium-ai,pr-agent,762
Codium-ai,pr-agent,764
Codium-ai,pr-agent,769
Codium-ai,pr-agent,772
Codium-ai,pr-agent,775
Codium-ai,pr-agent,776
Codium-ai,pr-agent,786
Codium-ai,pr-agent,793
Codium-ai,pr-agent,800
Codium-ai,pr-agent,804
Codium-ai,pr-agent,805
Codium-ai,pr-agent,809
Codium-ai,pr-agent,810
Codium-ai,pr-agent,815
Codium-ai,pr-agent,817
Data-Provenance-Initiative,Data-Provenance-Collection,15
Data-Provenance-Initiative,Data-Provenance-Collection,26
Data-Provenance-Initiative,Data-Provenance-Collection,33
DenverCoder1,github-readme-streak-stats,479
DragonOS-Community,DragonOS,576
DragonOS-Community,DragonOS,578
DragonOS-Community,DragonOS,579
DragonOS-Community,DragonOS,589
DragonOS-Community,DragonOS,592
DragonOS-Community,DragonOS,593
DragonOS-Community,DragonOS,594
DragonOS-Community,DragonOS,595
DragonOS-Community,DragonOS,596
DragonOS-Community,DragonOS,600
DragonOS-Community,DragonOS,601
DragonOS-Community,DragonOS,602
DragonOS-Community,DragonOS,603
DragonOS-Community,DragonOS,606
DragonOS-Community,DragonOS,607
DragonOS-Community,DragonOS,609
DragonOS-Community,DragonOS,610
DragonOS-Community,DragonOS,611
DragonOS-Community,DragonOS,613
DragonOS-Community,DragonOS,614
DragonOS-Community,DragonOS,615
DragonOS-Community,DragonOS,617
DragonOS-Community,DragonOS,618
DragonOS-Community,DragonOS,621
DragonOS-Community,DragonOS,622
Ebazhanov,linkedin-skill-assessments-quizzes,6571
EleutherAI,elk,140
EleutherAI,lm-evaluation-harness,1171
Expensify,App,30907
EyuCoder,chatgpt-pro,22
FinOps-Open-Cost-and-Usage-Spec,FOCUS_Spec,179
FlowFuse,node-red-function-gpt,20
GaloyMoney,blink-mobile,2905
GreptimeTeam,docs,506
HumanCompatibleAI,tensor-trust,204
HumanCompatibleAI,tensor-trust,64
JanusGraph,janusgraph,3879
Jermolene,TiddlyWiki5,7874
JetBrains-Research,TestSpark,27
JinyuanSun,ChatMol,6
Joystream,atlas,5910
Kanaries,graphic-walker,232
Kanaries,graphic-walker,238
Kanaries,graphic-walker,241
Kanaries,graphic-walker,250
Kanaries,graphic-walker,252
Kanaries,graphic-walker,253
Kanaries,graphic-walker,254
Kanaries,graphic-walker,255
Kanaries,graphic-walker,261
Kanaries,graphic-walker,262
Kanaries,graphic-walker,264
Kanaries,graphic-walker,267
Kanaries,graphic-walker,269
Kanaries,graphic-walker,270
Kanaries,graphic-walker,273
Kanaries,graphic-walker,274
Kanaries,graphic-walker,276
Kanaries,graphic-walker,278
Kanaries,graphic-walker,280
Kanaries,graphic-walker,282
Kanaries,graphic-walker,284
Kanaries,graphic-walker,288
Kanaries,graphic-walker,289
Kanaries,graphic-walker,291
Kanaries,graphic-walker,292
Kanaries,graphic-walker,293
Kanaries,graphic-walker,295
Kanaries,graphic-walker,297
Kanaries,graphic-walker,300
Kanaries,graphic-walker,301
Kanaries,graphic-walker,302
Kanaries,graphic-walker,305
Kanaries,graphic-walker,306
Kanaries,graphic-walker,308
Kanaries,graphic-walker,310
Kanaries,graphic-walker,314
Kanaries,graphic-walker,316
Kanaries,graphic-walker,317
Kanaries,graphic-walker,319
Kanaries,graphic-walker,320
Kanaries,graphic-walker,321
Kanaries,graphic-walker,323
Kanaries,graphic-walker,324
Kanaries,graphic-walker,326
Kanaries,graphic-walker,327
Kanaries,graphic-walker,331
Kanaries,graphic-walker,332
Kanaries,graphic-walker,333
Kanaries,graphic-walker,334
Kanaries,graphic-walker,335
Kanaries,graphic-walker,336
Kanaries,graphic-walker,337
Kanaries,graphic-walker,339
Kanaries,graphic-walker,341
Kanaries,graphic-walker,343
Kanaries,graphic-walker,345
Kanaries,graphic-walker,346
Kanaries,graphic-walker,348
Kanaries,graphic-walker,349
Kanaries,graphic-walker,350
Kanaries,graphic-walker,352
Kanaries,graphic-walker,353
Kanaries,graphic-walker,355
Kanaries,graphic-walker,356
Kanaries,graphic-walker,359
Kanaries,graphic-walker,362
Kanaries,graphic-walker,364
Kanaries,graphic-walker,365
Kanaries,graphic-walker,367
Kanaries,graphic-walker,368
Kanaries,graphic-walker,369
Kanaries,graphic-walker,371
Kanaries,graphic-walker,372
Kanaries,graphic-walker,374
Kanaries,graphic-walker,375
Kanaries,graphic-walker,377
Kong,kong,12865
Kumar-laxmi,Algorithms,1450
LI-Mingyu,cndev-tutorial,13
LI-Mingyu,cndev-tutorial,2
LI-Mingyu,cndev-tutorial,23
ManagedKube,kubernetes-ops,430
MatteoFasulo,Whisper-TikTok,30
Mudlet,Mudlet,6533
Nat1anWasTaken,Lava,117
Navideck,universal_ble,1
Navideck,universal_ble,10
Navideck,universal_ble,11
Navideck,universal_ble,12
Navideck,universal_ble,16
Navideck,universal_ble,17
Navideck,universal_ble,20
Navideck,universal_ble,22
Navideck,universal_ble,23
Navideck,universal_ble,24
Navideck,universal_ble,28
Navideck,universal_ble,3
Navideck,universal_ble,4
Navideck,universal_ble,8
Navideck,universal_ble,9
Nutlope,aicommits,48
Nutlope,aicommits,69
OdyseeTeam,odysee-frontend,3041
Oneflow-Inc,oneflow,4171
OpenBB-finance,OpenBBTerminal,4644
OpenBB-finance,OpenBBTerminal,4685
OpenBB-finance,OpenBBTerminal,4835
OpenMS,OpenMS,7326
OpenMS,OpenMS,7327
OpenMS,OpenMS,7328
Phala-Network,index-contract,82
PickNikRobotics,ros_testing_templates,16
PolicyEngine,policyengine-app,395
Rhetos,Rhetos,479
RobotLocomotion,drake,19513
RustCrypto,stream-ciphers,333
SSWConsulting,SSW.Rules.Content,7592
SSWConsulting,SSW.Rules.Content,8065
SeleniumHQ,docker-selenium,2167
SeleniumHQ,docker-selenium,2173
SeleniumHQ,selenium,13668
SeleniumHQ,selenium,13672
SeleniumHQ,selenium,13673
SeleniumHQ,selenium,13675
SeleniumHQ,selenium,13679
SeleniumHQ,selenium,13680
SeleniumHQ,selenium,13683
SeleniumHQ,selenium,13694
SeleniumHQ,selenium,13698
SeleniumHQ,selenium,13701
SeleniumHQ,selenium,13705
SeleniumHQ,selenium,13710
SeleniumHQ,selenium,13725
SeleniumHQ,selenium,13727
SeleniumHQ,seleniumhq.github.io,1609
SeleniumHQ,seleniumhq.github.io,1611
SeleniumHQ,seleniumhq.github.io,1612
SeleniumHQ,seleniumhq.github.io,1613
Shopify,cli,1803
Shopify,polaris,10749
Shopify,product-taxonomy,53
Sinaptik-AI,pandas-ai,397
Sinaptik-AI,pandas-ai,499
Sinaptik-AI,pandas-ai,610
Sinaptik-AI,pandas-ai,618
Sinaptik-AI,pandas-ai,682
Sinaptik-AI,pandas-ai,753
Sinaptik-AI,pandas-ai,876
Songkeys,tsconfig-to-swcconfig,19
Spiral-AI,SpiralFilm,28
StanfordBDHG,LLMonFHIR,26
Stirling-Tools,Stirling-PDF,797
Superflows-AI,superflows,101
Telefonica,mistica-design,1121
Telefonica,mistica-design,1122
TheAssemblyArmada,Thyme,917
TheR1D,shell_gpt,242
TheR1D,shell_gpt,88
TheR1D,shell_gpt,94
Together-Java,TJ-Bot,982
Torantulino,AI-Functions,16
TykTechnologies,tyk,5972
TykTechnologies,tyk,5973
TykTechnologies,tyk,5974
TykTechnologies,tyk,5975
TykTechnologies,tyk,5977
TykTechnologies,tyk,5978
TykTechnologies,tyk,5979
TykTechnologies,tyk,5980
TykTechnologies,tyk,5981
TykTechnologies,tyk,5982
TykTechnologies,tyk,5985
TykTechnologies,tyk,5986
TykTechnologies,tyk,5987
TykTechnologies,tyk,5988
TykTechnologies,tyk,5989
TykTechnologies,tyk,5990
TykTechnologies,tyk,5991
TykTechnologies,tyk,5993
TykTechnologies,tyk,5994
TykTechnologies,tyk,5996
TykTechnologies,tyk,5998
TykTechnologies,tyk,6001
TykTechnologies,tyk,6004
TykTechnologies,tyk,6005
TykTechnologies,tyk,6006
TykTechnologies,tyk,6007
TykTechnologies,tyk,6008
TykTechnologies,tyk,6009
TykTechnologies,tyk,6012
TykTechnologies,tyk,6015
TykTechnologies,tyk,6017
TykTechnologies,tyk,6019
TykTechnologies,tyk,6021
TykTechnologies,tyk,6022
TykTechnologies,tyk,6024
TykTechnologies,tyk,6025
TykTechnologies,tyk,6026
TykTechnologies,tyk,6028
TykTechnologies,tyk,6029
TykTechnologies,tyk,6030
TykTechnologies,tyk,6031
TykTechnologies,tyk,6032
TykTechnologies,tyk,6034
TykTechnologies,tyk,6035
TykTechnologies,tyk,6036
TykTechnologies,tyk,6038
TykTechnologies,tyk,6039
TykTechnologies,tyk,6040
TykTechnologies,tyk,6041
TykTechnologies,tyk,6043
TykTechnologies,tyk,6044
TykTechnologies,tyk,6045
TykTechnologies,tyk,6046
TykTechnologies,tyk,6049
TykTechnologies,tyk,6050
TykTechnologies,tyk,6052
TykTechnologies,tyk,6053
TykTechnologies,tyk,6054
TykTechnologies,tyk,6055
TykTechnologies,tyk,6056
TykTechnologies,tyk,6057
TykTechnologies,tyk,6058
TykTechnologies,tyk,6059
TykTechnologies,tyk,6060
TykTechnologies,tyk,6061
TykTechnologies,tyk,6062
TykTechnologies,tyk,6063
TykTechnologies,tyk,6064
TykTechnologies,tyk,6065
TykTechnologies,tyk,6066
TykTechnologies,tyk,6067
TykTechnologies,tyk,6068
TykTechnologies,tyk,6072
TykTechnologies,tyk,6073
TykTechnologies,tyk,6074
TykTechnologies,tyk,6075
TykTechnologies,tyk,6076
TykTechnologies,tyk,6078
TykTechnologies,tyk,6079
TykTechnologies,tyk,6081
TykTechnologies,tyk,6082
TykTechnologies,tyk,6083
TykTechnologies,tyk,6086
TykTechnologies,tyk,6087
TykTechnologies,tyk,6088
TykTechnologies,tyk,6092
TykTechnologies,tyk,6093
TykTechnologies,tyk,6094
TykTechnologies,tyk,6095
TykTechnologies,tyk,6096
TykTechnologies,tyk,6097
TykTechnologies,tyk,6098
TykTechnologies,tyk,6100
TykTechnologies,tyk,6101
TykTechnologies,tyk,6102
TykTechnologies,tyk,6103
TykTechnologies,tyk,6104
TykTechnologies,tyk,6105
TykTechnologies,tyk,6106
TykTechnologies,tyk,6109
TykTechnologies,tyk,6110
TykTechnologies,tyk,6111
TykTechnologies,tyk,6112
TykTechnologies,tyk,6113
TykTechnologies,tyk,6114
TykTechnologies,tyk,6115
TykTechnologies,tyk,6116
TykTechnologies,tyk,6118
TykTechnologies,tyk,6120
TykTechnologies,tyk,6121
TykTechnologies,tyk,6122
TykTechnologies,tyk,6123
TykTechnologies,tyk,6127
TykTechnologies,tyk,6128
TykTechnologies,tyk,6129
TykTechnologies,tyk,6130
TykTechnologies,tyk,6133
TykTechnologies,tyk,6134
TykTechnologies,tyk,6138
TykTechnologies,tyk,6142
TykTechnologies,tyk,6143
TykTechnologies,tyk,6144
TykTechnologies,tyk,6149
TykTechnologies,tyk,6151
TykTechnologies,tyk,6152
TykTechnologies,tyk,6155
TykTechnologies,tyk,6157
TykTechnologies,tyk,6165
TykTechnologies,tyk,6166
TykTechnologies,tyk,6169
TykTechnologies,tyk,6171
TykTechnologies,tyk,6173
TykTechnologies,tyk,6174
TykTechnologies,tyk,6178
TykTechnologies,tyk,6180
TykTechnologies,tyk-docs,4019
TykTechnologies,tyk-docs,4027
TykTechnologies,tyk-docs,4042
TykTechnologies,tyk-docs,4043
TykTechnologies,tyk-docs,4046
TykTechnologies,tyk-docs,4051
TykTechnologies,tyk-docs,4052
TykTechnologies,tyk-docs,4054
TykTechnologies,tyk-docs,4057
TykTechnologies,tyk-docs,4058
TykTechnologies,tyk-docs,4065
TykTechnologies,tyk-docs,4066
TykTechnologies,tyk-docs,4067
TykTechnologies,tyk-docs,4069
TykTechnologies,tyk-docs,4074
TykTechnologies,tyk-docs,4075
TykTechnologies,tyk-docs,4076
TykTechnologies,tyk-docs,4078
TykTechnologies,tyk-docs,4080
TykTechnologies,tyk-docs,4082
TykTechnologies,tyk-docs,4086
TykTechnologies,tyk-docs,4087
TykTechnologies,tyk-docs,4090
TykTechnologies,tyk-docs,4091
TykTechnologies,tyk-docs,4106
TykTechnologies,tyk-docs,4108
TykTechnologies,tyk-docs,4109
TykTechnologies,tyk-docs,4110
TykTechnologies,tyk-docs,4111
TykTechnologies,tyk-docs,4121
TykTechnologies,tyk-docs,4123
TykTechnologies,tyk-docs,4127
TykTechnologies,tyk-docs,4140
TykTechnologies,tyk-docs,4141
TykTechnologies,tyk-docs,4142
TykTechnologies,tyk-docs,4146
TykTechnologies,tyk-docs,4149
TykTechnologies,tyk-docs,4150
TykTechnologies,tyk-docs,4151
TykTechnologies,tyk-docs,4152
TykTechnologies,tyk-docs,4157
TykTechnologies,tyk-docs,4160
TykTechnologies,tyk-docs,4163
TykTechnologies,tyk-docs,4166
TykTechnologies,tyk-docs,4167
TykTechnologies,tyk-docs,4173
TykTechnologies,tyk-docs,4176
TykTechnologies,tyk-docs,4177
TykTechnologies,tyk-docs,4179
TykTechnologies,tyk-docs,4184
TykTechnologies,tyk-docs,4186
TykTechnologies,tyk-docs,4187
TykTechnologies,tyk-docs,4188
TykTechnologies,tyk-docs,4191
TykTechnologies,tyk-docs,4192
TykTechnologies,tyk-docs,4193
TykTechnologies,tyk-docs,4195
TykTechnologies,tyk-docs,4198
TykTechnologies,tyk-docs,4205
TykTechnologies,tyk-docs,4208
TykTechnologies,tyk-docs,4209
TykTechnologies,tyk-docs,4215
TykTechnologies,tyk-docs,4216
TykTechnologies,tyk-docs,4231
TykTechnologies,tyk-docs,4232
TykTechnologies,tyk-docs,4234
TykTechnologies,tyk-docs,4236
TykTechnologies,tyk-docs,4237
TykTechnologies,tyk-docs,4238
TykTechnologies,tyk-docs,4240
TykTechnologies,tyk-docs,4242
TykTechnologies,tyk-docs,4243
TykTechnologies,tyk-docs,4245
TykTechnologies,tyk-docs,4246
TykTechnologies,tyk-docs,4248
TykTechnologies,tyk-docs,4250
TykTechnologies,tyk-docs,4257
TykTechnologies,tyk-docs,4258
TykTechnologies,tyk-docs,4273
TykTechnologies,tyk-docs,4274
TykTechnologies,tyk-docs,4275
TykTechnologies,tyk-docs,4276
TykTechnologies,tyk-docs,4281
TykTechnologies,tyk-docs,4282
TykTechnologies,tyk-docs,4283
TykTechnologies,tyk-docs,4284
TykTechnologies,tyk-docs,4288
TykTechnologies,tyk-docs,4289
TykTechnologies,tyk-docs,4300
TykTechnologies,tyk-docs,4303
TykTechnologies,tyk-docs,4312
TykTechnologies,tyk-docs,4318
TykTechnologies,tyk-docs,4319
TykTechnologies,tyk-docs,4320
Uniswap,interface,6558
Workable,g3,25
YAPP-Github,onboard-aos,82
YARC-Official,YARG,492
Zero6992,chatGPT-discord-bot,83
aallam,openai-kotlin,332
adrianliechti,devkit,11
ai-collection,ai-collection,86
airbytehq,airbyte,26643
algorand,go-algorand-sdk,534
alibaba,libgrape-lite,134
alshedivat,al-folio,2059
anaclumos,heimdall,18
anvilistas,anvil-extras,405
apache,airflow,23079
apache,airflow,28300
apache,cloudstack,7671
apache,eventmesh-site,215
apache,flink-cdc,2924
apache,incubator-devlake-website,680
apache,incubator-hugegraph-doc,258
apache,maven-build-cache-extension,58
apache,spark,41711
apache,superset,27905
apple,swift-syntax,2334
appunite,Loudius,20
aptos-labs,explorer,444
aragon,app,808
ardatan,graphql-mesh,6790
armosec,kubecop,151
armosec,kubecop,164
armosec,kubecop,166
armosec,kubecop,167
armosec,kubecop,168
armosec,kubecop,169
armosec,kubecop,171
armosec,kubecop,172
armosec,kubecop,174
armosec,kubecop,175
armosec,kubecop,177
armosec,kubecop,179
armosec,kubecop,180
armosec,kubecop,181
armosec,kubecop,182
armosec,kubecop,186
armosec,kubecop,187
arrow-kt,arrow,3004
athina-ai,athina-evals,19
athina-ai,athina-evals,22
autowarefoundation,autoware.universe,5954
autowarefoundation,autoware.universe,6570
autowarefoundation,autoware.universe,6618
autowarefoundation,autoware.universe,6649
avmnu-sng,rspec-tracer,1
avmnu-sng,rspec-tracer,26
avmnu-sng,rspec-tracer,28
avmnu-sng,rspec-tracer,63
axiomhq,next-axiom,120
az-digital,az_quickstart,3109
bacalhau-project,bacalhau,2778
ballerine-io,ballerine,2054
ballerine-io,ballerine,2065
ballerine-io,ballerine,2092
ballerine-io,ballerine,2094
ballerine-io,ballerine,2095
ballerine-io,ballerine,2096
ballerine-io,ballerine,2097
ballerine-io,ballerine,2098
ballerine-io,ballerine,2101
ballerine-io,ballerine,2103
ballerine-io,ballerine,2105
ballerine-io,ballerine,2106
ballerine-io,ballerine,2107
ballerine-io,ballerine,2108
ballerine-io,ballerine,2109
ballerine-io,ballerine,2110
ballerine-io,ballerine,2111
ballerine-io,ballerine,2112
ballerine-io,ballerine,2113
ballerine-io,ballerine,2114
ballerine-io,ballerine,2115
ballerine-io,ballerine,2116
ballerine-io,ballerine,2120
ballerine-io,ballerine,2121
ballerine-io,ballerine,2122
ballerine-io,ballerine,2124
ballerine-io,ballerine,2125
ballerine-io,ballerine,2126
ballerine-io,ballerine,2127
ballerine-io,ballerine,2128
ballerine-io,ballerine,2129
ballerine-io,ballerine,2131
ballerine-io,ballerine,2133
ballerine-io,ballerine,2134
ballerine-io,ballerine,2135
ballerine-io,ballerine,2136
ballerine-io,ballerine,2137
ballerine-io,ballerine,2138
ballerine-io,ballerine,2139
ballerine-io,ballerine,2141
ballerine-io,ballerine,2142
ballerine-io,ballerine,2144
ballerine-io,ballerine,2145
ballerine-io,ballerine,2146
ballerine-io,ballerine,2147
ballerine-io,ballerine,2148
ballerine-io,ballerine,2149
ballerine-io,ballerine,2150
ballerine-io,ballerine,2154
ballerine-io,ballerine,2155
ballerine-io,ballerine,2156
ballerine-io,ballerine,2158
ballerine-io,ballerine,2160
ballerine-io,ballerine,2161
ballerine-io,ballerine,2162
ballerine-io,ballerine,2163
ballerine-io,ballerine,2164
ballerine-io,ballerine,2166
ballerine-io,ballerine,2167
ballerine-io,ballerine,2168
ballerine-io,ballerine,2169
ballerine-io,ballerine,2171
ballerine-io,ballerine,2172
ballerine-io,ballerine,2173
ballerine-io,ballerine,2175
ballerine-io,ballerine,2177
ballerine-io,ballerine,2178
ballerine-io,ballerine,2179
ballerine-io,ballerine,2181
ballerine-io,ballerine,2182
ballerine-io,ballerine,2183
ballerine-io,ballerine,2184
ballerine-io,ballerine,2186
ballerine-io,ballerine,2188
ballerine-io,ballerine,2190
ballerine-io,ballerine,2192
ballerine-io,ballerine,2193
ballerine-io,ballerine,2194
ballerine-io,ballerine,2195
ballerine-io,ballerine,2196
ballerine-io,ballerine,2197
ballerine-io,ballerine,2198
ballerine-io,ballerine,2202
ballerine-io,ballerine,2203
ballerine-io,ballerine,2204
ballerine-io,ballerine,2205
ballerine-io,ballerine,2207
ballerine-io,ballerine,2208
ballerine-io,ballerine,2209
ballerine-io,ballerine,2210
ballerine-io,ballerine,2217
ballerine-io,ballerine,2218
ballerine-io,ballerine,2220
ballerine-io,ballerine,2221
ballerine-io,ballerine,2222
ballerine-io,ballerine,2233
ballerine-io,ballerine,2236
ballerine-io,ballerine,2237
ballerine-io,ballerine,2240
bioconda,bioconda-recipes,45006
bipinkrish,Link-Bypasser-Bot,60
bitcoin-core,gui,720
bitcoin-dev-project,sim-ln,130
bitcoin-dev-project,sim-ln,167
bnb-chain,bsc,1077
boostcampwm2023,iOS08-WeTri,28
brafdlog,caspion,541
braingeneers,braingeneerspy,61
brave-intl,bat-go,2253
brave-intl,bat-go,2281
brave-intl,bat-go,2299
brave-intl,bat-go,2329
brave-intl,bat-go,2331
brave-intl,bat-go,2347
brave-intl,bat-go,2395
brave-intl,bat-go,2429
brave-intl,challenge-bypass-ristretto,35
brave,ads-ui,1023
brave,ads-ui,1069
brave,ads-ui,1076
brave,ads-ui,1108
brave,ads-ui,1114
brave,ads-ui,1127
brave,ads-ui,1134
brave,ads-ui,1137
brave,ads-ui,1140
brave,ads-ui,1143
brave,ads-ui,998
brave,brave-core,19982
brave,brave-core,20315
brave,brave-core,20343
brave,brave-core,20754
brave,brave-core,20820
brave,brave-core,21014
brave,brave-core,21041
brave,brave-core,21186
brave,brave-core,21188
brave,brave-core,21191
brave,brave-core,21204
brave,brave-core,21214
brave,brave-core,21246
brave,brave-core,21266
brave,brave-core,21290
brave,brave-core,21293
brave,brave-core,21295
brave,brave-core,21332
brave,brave-core,21341
brave,brave-core,21344
brave,brave-core,21346
brave,brave-core,21355
brave,brave-core,21377
brave,brave-core,21388
brave,brave-core,21389
brave,brave-core,21398
brave,brave-core,21400
brave,brave-core,21405
brave,brave-core,21406
brave,brave-core,21407
brave,brave-core,21408
brave,brave-core,21418
brave,brave-core,21430
brave,brave-core,21441
brave,brave-core,21444
brave,brave-core,21455
brave,brave-core,21458
brave,brave-core,21460
brave,brave-core,21467
brave,brave-core,21475
brave,brave-core,21482
brave,brave-core,21485
brave,brave-core,21516
brave,brave-core,21519
brave,brave-core,21520
brave,brave-core,21522
brave,brave-core,21526
brave,brave-core,21541
brave,brave-core,21549
brave,brave-core,21550
brave,brave-core,21551
brave,brave-core,21552
brave,brave-core,21556
brave,brave-core,21567
brave,brave-core,21568
brave,brave-core,21573
brave,brave-core,21574
brave,brave-core,21600
brave,brave-core,21609
brave,brave-core,21618
brave,brave-core,21627
brave,brave-core,21634
brave,brave-core,21639
brave,brave-core,21644
brave,brave-core,21670
brave,brave-core,21673
brave,brave-core,21678
brave,brave-core,21687
brave,brave-core,21716
brave,brave-core,21718
brave,brave-core,21756
brave,brave-core,21791
brave,brave-core,21823
brave,brave-core,21833
brave,brave-core,21854
brave,brave-core,21857
brave,brave-core,21859
brave,brave-core,21896
brave,brave-core,21897
brave,brave-core,21898
brave,brave-core,21900
brave,brave-core,21905
brave,brave-core,21918
brave,brave-core,21921
brave,brave-core,21932
brave,brave-core,21934
brave,brave-core,21936
brave,brave-core,21962
brave,brave-core,21977
brave,brave-core,21990
brave,brave-core,22002
brave,brave-core,22029
brave,brave-core,22052
brave,brave-core,22067
brave,brave-core,22081
brave,brave-core,22090
brave,brave-core,22091
brave,brave-core,22109
brave,brave-core,22116
brave,brave-core,22126
brave,brave-core,22155
brave,brave-core,22218
brave,brave-core,22225
brave,brave-core,22228
brave,brave-core,22230
brave,brave-core,22231
brave,brave-core,22232
brave,brave-core,22257
brave,brave-core,22285
brave,brave-core,22304
brave,brave-core,22306
brave,brave-core,22317
brave,brave-core,22343
brave,brave-core,22367
brave,brave-core,22369
brave,brave-core,22381
brave,brave-core,22389
brave,brave-core,22395
brave,brave-core,22439
brave,brave-core,22440
brave,brave-core,22443
brave,brave-core,22444
brave,brave-core,22459
brave,brave-core,22476
brave,brave-core,22505
brave,brave-core,22516
brave,brave-core,22542
brave,brave-core,22553
brave,brave-ios,8533
brave,brave-ios,8557
brave,brave-ios,8591
brave,brave-ios,8595
brave,brave-ios,8626
brave,brave-ios,8654
brave,brave-ios,8659
brave,brave-ios,8682
brave,brave-ios,8693
brave,brave-ios,8716
brave,brave-ios,8726
brave,brave-ios,8763
brave,brave-talk,1360
brave,brave-talk,1367
brave,brave-variations,972
brave,go-sync,194
brave,leo,520
brave,news-aggregator,779
brave,pull-merge,119
brave,pull-merge,120
brave,pull-merge,85
brave,pull-merge,88
brave,pull-merge,90
brave,pull-merge,91
brave,pull-merge,97
brave,security-action,466
brave,security-action,490
brave,security-action,502
brave,tokenizer,56
brave,uBlock,231
brave,uBlock,233
brave,uBlock,234
brave,uBlock,235
brave,uBlock,236
brave,uBlock,237
brave,uBlock,238
brave,uBlock,239
brave,uBlock,247
cairo-book,cairo-book,147
cardstack,boxel,1157
ceph,ceph,5867
charmbracelet,mods,7
chatwoot,chatwoot,8666
chroma-core,chroma,1217
chroma-core,docs,169
ckb-js,nexus,175
cleder,pygeoif,209
cleder,pygeoif,215
cockroachdb,cockroach,103373
codedog-ai,codedog,22
codedog-ai,codedog,26
codedog-ai,codedog,31
codedog-ai,codedog,36
codedog-ai,codedog,9
coderabbitai,ai-pr-reviewer,218
coderabbitai,ai-pr-reviewer,284
coderabbitai,ai-pr-reviewer,285
coderabbitai,ai-pr-reviewer,494
comfyanonymous,ComfyUI,258
consensus-shipyard,ipc,675
contentful,apps,4456
contentful,template-blog-webapp-nextjs,62
cornell-dti,course-plan,847
cruise-automation,mlir-tcp,62
danny-avila,LibreChat,1230
danny-avila,LibreChat,55
darkrenaissance,darkfi,215
dashpay,dash,5316
dashpay,platform,1657
dashpay,platform,1679
deco-cx,apps,228
deepmodeling,abacus-develop,2435
deepmodeling,abacus-develop,2440
deepmodeling,abacus-develop,2442
demergent-labs,kybra,465
demisto,content,25333
digiteinfotech,kairon,1140
dolthub,go-mysql-server,1695
duneanalytics,spellbook,3240
duplocloud,terraform-provider-duplocloud,374
dust-tt,dust,507
dust-tt,dust,908
easystats,datawizard,372
ecosia,ios-browser,624
ecosia,ios-browser,625
ecosia,ios-browser,626
ecosia,ios-browser,627
ecosia,ios-browser,629
ecosia,ios-browser,630
ecosia,ios-browser,631
ecosia,ios-browser,633
ecosia,ios-browser,634
ecosia,ios-browser,635
edlich,education,469
electricitymaps,electricitymaps-contrib,6485
elodin-sys,elodin,12
elsirion,webimint-rs,72
eonx-com,easy-monorepo,1091
equinor,xtgeo,1127
eunomia-bpf,eunomia-bpf,303
exoascension,vault-chat,23
explodinggradients,ragas,759
f,awesome-chatgpt-prompts,187
f,awesome-chatgpt-prompts,581
f5,unovis,182
facebookresearch,habitat-lab,1800
farcasterxyz,hub-monorepo,590
fastestimator,fastestimator,1473
fastestimator,fastestimator,1475
fiatrete,OpenDAN-Personal-AI-OS,99
filecoin-project,filecoin-docs,1925
filipecalegario,awesome-generative-ai,45
flaree,flare-cogs,188
flathub,flathub,4301
fluxninja,aperture,3023
fluxninja,aperture,3060
fmhy,FMHYedit,511
fmhy,FMHYedit,601
formbricks,formbricks,1277
formbricks,formbricks,1856
formbricks,formbricks,2271
formbricks,formbricks,412
formbricks,formbricks,464
formbricks,formbricks,858
freedomcombination,monorepo,1197
freedomcombination,monorepo,1214
freeverseio,laos,369
frequenz-floss,frequenz-sdk-python,167
fujiapple852,trippy,1046
gem5,gem5,577
getredash,redash,6888
geyserfund,geyser-app,1095
ggerganov,llama.cpp,3841
ggerganov,llama.cpp,753
ghc-proposals,ghc-proposals,270
gip-inclusion,les-emplois,2472
gita,bhagavad-gita-api,92
gitcoinco,grants-stack,2434
github,codeql,13661
google,BIG-bench,142
googleapis,google-cloud-php,5734
greenelab,manubot-gpt-manuscript,18
gretelai,gretel-blueprints,292
growthbook,growthbook,1594
guidance-ai,guidance,239
hackforla,CivicTechJobs,465
hades217,awesome-ai,16
harrisiirak,cron-parser,323
hathach,tinyusb,2569
hcavarsan,kftray,123
hcavarsan,kftray,127
hcavarsan,kftray,143
hcavarsan,kftray,163
helmerapp,micro,31
hicommonwealth,commonwealth,3888
holoviz,panel,6213
holtzy,R-graph-gallery,117
htot,meta-intel-edison,4
huggingface,transformers,30538
hypertrons,hypertrons-crx,713
illacloud,illa-builder,2273
image-source-control,image-source-control,289
image-source-control,image-source-control,290
inkstitch,inkstitch,2720
intercom,intercom-android,601
intercom,intercom-react-native,92
invariant-labs,webapp,657
j178,chatgpt,64
jesse-ai,jesse,407
jina-ai,docsQA-ui,104
johannschopplich,unlazy,15
john-doherty,mixpanel-lite,23
josdejong,jsonrepair,91
jupyterlab,jupyter-ai,564
jxnl,instructor,154
jxnl,instructor,171
jxnl,instructor,173
jxnl,instructor,190
jxnl,instructor,304
kalvilabs,kalvi,19
keyshade-xyz,keyshade,100
keyshade-xyz,keyshade,101
keyshade-xyz,keyshade,102
keyshade-xyz,keyshade,106
keyshade-xyz,keyshade,112
keyshade-xyz,keyshade,129
keyshade-xyz,keyshade,132
keyshade-xyz,keyshade,133
keyshade-xyz,keyshade,144
keyshade-xyz,keyshade,153
keyshade-xyz,keyshade,156
keyshade-xyz,keyshade,158
keyshade-xyz,keyshade,163
keyshade-xyz,keyshade,165
keyshade-xyz,keyshade,168
keyshade-xyz,keyshade,169
keyshade-xyz,keyshade,170
keyshade-xyz,keyshade,88
keyshade-xyz,keyshade,90
keyshade-xyz,keyshade,93
keyshade-xyz,keyshade,98
kirillzyusko,react-native-keyboard-controller,380
krahets,hello-algo,1019
krahets,hello-algo,1206
krishnaik06,The-Grand-Complete-Data-Science-Materials,39
kubaceg,sofar_g3_lsw3_logger_reader,13
kubernetes,kube-openapi,411
kubescape,github-action,65
kubescape,helm-charts,379
kubescape,helm-charts,381
kubescape,helm-charts,382
kubescape,helm-charts,387
kubescape,helm-charts,388
kubescape,helm-charts,389
kubescape,helm-charts,391
kubescape,helm-charts,392
kubescape,helm-charts,394
kubescape,helm-charts,395
kubescape,helm-charts,396
kubescape,helm-charts,398
kubescape,helm-charts,399
kubescape,helm-charts,401
kubescape,helm-charts,402
kubescape,helm-charts,403
kubescape,helm-charts,404
kubescape,helm-charts,405
kubescape,helm-charts,407
kubescape,helm-charts,408
kubescape,helm-charts,412
kubescape,kubevuln,204
kubescape,kubevuln,211
kubescape,kubevuln,213
kubescape,kubevuln,215
kubescape,kubevuln,216
kubescape,operator,205
kubescape,operator,207
kubescape,operator,211
kubescape,operator,212
kubescape,operator,214
kubescape,regolibrary,564
kubescape,regolibrary,566
kubescape,regolibrary,568
kubescape,regolibrary,569
kubescape,regolibrary,570
kubescape,regolibrary,571
kubescape,regolibrary,572
kubescape,regolibrary,573
kubescape,regolibrary,574
kubescape,regolibrary,575
kubescape,regolibrary,576
kubescape,regolibrary,578
kubescape,regolibrary,579
kubescape,regolibrary,580
kubescape,regolibrary,581
kubescape,regolibrary,582
kubescape,regolibrary,584
kubescape,regolibrary,585
kubescape,regolibrary,586
kubescape,regolibrary,587
kubescape,regolibrary,588
kubescape,regolibrary,590
kubescape,regolibrary,591
kubescape,regolibrary,592
kubescape,regolibrary,593
kubescape,regolibrary,594
kubescape,regolibrary,595
kubescape,regolibrary,596
kubescape,regolibrary,597
kubescape,regolibrary,598
kubescape,regolibrary,599
kubescape,regolibrary,600
kubescape,regolibrary,601
kubescape,regolibrary,602
kubescape,regolibrary,603
kubescape,regolibrary,604
kubescape,regolibrary,605
kubescape,regolibrary,606
kubescape,regolibrary,607
kubescape,regolibrary,608
kubescape,regolibrary,609
labring,FastGPT,302
langchain-ai,langchain,7575
langchain-ai,langchain,9563
langchain4j,langchain4j,691
langgenius,dify,2651
langroid,langroid,297
lastmile-ai,semantic-retrieval,87
leanprover-community,mathlib4,10771
leejet,stable-diffusion.cpp,75
leonardocustodio,polkadart,417
leonardocustodio,polkadart,421
leonardocustodio,polkadart,424
leonardocustodio,polkadart,429
leonardocustodio,polkadart,430
leonardocustodio,polkadart,431
leonardocustodio,polkadart,432
leonardocustodio,polkadart,434
lightningnetwork,lnd,7518
line,armeria,4957
lingua-libre,SignIt,60
linka-app,linka,11
linux-odyssey,linux-odyssey,101
linux-odyssey,linux-odyssey,102
linux-odyssey,linux-odyssey,104
linux-odyssey,linux-odyssey,106
linux-odyssey,linux-odyssey,107
linux-odyssey,linux-odyssey,108
linux-odyssey,linux-odyssey,109
linux-odyssey,linux-odyssey,110
linux-odyssey,linux-odyssey,35
linux-odyssey,linux-odyssey,36
linux-odyssey,linux-odyssey,39
linux-odyssey,linux-odyssey,45
linux-odyssey,linux-odyssey,46
linux-odyssey,linux-odyssey,47
linux-odyssey,linux-odyssey,48
linux-odyssey,linux-odyssey,50
linux-odyssey,linux-odyssey,59
linux-odyssey,linux-odyssey,60
linux-odyssey,linux-odyssey,61
linux-odyssey,linux-odyssey,63
linux-odyssey,linux-odyssey,64
linux-odyssey,linux-odyssey,65
linux-odyssey,linux-odyssey,68
linux-odyssey,linux-odyssey,72
linux-odyssey,linux-odyssey,73
linux-odyssey,linux-odyssey,74
linux-odyssey,linux-odyssey,75
linux-odyssey,linux-odyssey,78
linux-odyssey,linux-odyssey,81
linux-odyssey,linux-odyssey,83
linux-odyssey,linux-odyssey,84
linux-odyssey,linux-odyssey,85
linux-odyssey,linux-odyssey,86
linux-odyssey,linux-odyssey,87
linux-odyssey,linux-odyssey,90
linux-odyssey,linux-odyssey,91
linux-odyssey,linux-odyssey,98
linux-odyssey,linux-odyssey,99
lobehub,lobe-chat,1339
logseq,logseq,9358
logseq,logseq,9757
lonekorean,wordpress-export-to-markdown,67
massalabs,station,931
mckaywrigley,chatbot-ui,181
mcmonkeyprojects,sd-infinity-grid-generator-script,47
mdn,content,31016
mdn,yari,10925
meilisearch,documentation,2208
microsoft,FLAML,1048
microsoft,FLAML,986
microsoft,FluidFramework,15613
microsoft,Form-Recognizer-Toolkit,31
microsoft,SynapseML,1930
microsoft,SynapseML,1938
microsoft,SynapseML,1941
microsoft,SynapseML,1948
microsoft,SynapseML,1952
microsoft,SynapseML,1957
microsoft,SynapseML,1961
microsoft,SynapseML,1966
microsoft,SynapseML,1968
microsoft,SynapseML,1969
microsoft,SynapseML,1970
microsoft,SynapseML,1971
microsoft,SynapseML,1972
microsoft,SynapseML,1976
microsoft,SynapseML,1977
microsoft,SynapseML,1980
microsoft,SynapseML,1983
microsoft,SynapseML,1984
microsoft,SynapseML,1985
microsoft,SynapseML,1988
microsoft,SynapseML,1991
microsoft,SynapseML,1992
microsoft,SynapseML,1995
microsoft,SynapseML,1999
microsoft,SynapseML,2000
microsoft,SynapseML,2003
microsoft,SynapseML,2008
microsoft,SynapseML,2011
microsoft,SynapseML,2013
microsoft,SynapseML,2016
microsoft,SynapseML,2019
microsoft,SynapseML,2021
microsoft,SynapseML,2023
microsoft,SynapseML,2029
microsoft,SynapseML,2031
microsoft,SynapseML,2033
microsoft,SynapseML,2035
microsoft,SynapseML,2036
microsoft,SynapseML,2041
microsoft,SynapseML,2042
microsoft,SynapseML,2043
microsoft,SynapseML,2045
microsoft,SynapseML,2046
microsoft,SynapseML,2047
microsoft,SynapseML,2049
microsoft,SynapseML,2050
microsoft,SynapseML,2068
microsoft,SynapseML,2070
microsoft,SynapseML,2078
microsoft,autogen,43
microsoft,gpt-review,1
microsoft,gpt-review,106
microsoft,gpt-review,107
microsoft,gpt-review,108
microsoft,gpt-review,110
microsoft,gpt-review,118
microsoft,gpt-review,13
microsoft,gpt-review,15
microsoft,gpt-review,16
microsoft,gpt-review,21
microsoft,gpt-review,31
microsoft,gpt-review,35
microsoft,gpt-review,36
microsoft,gpt-review,37
microsoft,gpt-review,43
microsoft,gpt-review,48
microsoft,gpt-review,49
microsoft,gpt-review,5
microsoft,gpt-review,50
microsoft,gpt-review,54
microsoft,gpt-review,55
microsoft,gpt-review,56
microsoft,gpt-review,57
microsoft,gpt-review,59
microsoft,gpt-review,6
microsoft,gpt-review,60
microsoft,gpt-review,61
microsoft,gpt-review,64
microsoft,gpt-review,65
microsoft,gpt-review,66
microsoft,gpt-review,69
microsoft,gpt-review,70
microsoft,gpt-review,71
microsoft,gpt-review,72
microsoft,gpt-review,73
microsoft,gpt-review,74
microsoft,gpt-review,75
microsoft,gpt-review,76
microsoft,gpt-review,77
microsoft,gpt-review,78
microsoft,gpt-review,79
microsoft,gpt-review,8
microsoft,gpt-review,80
microsoft,gpt-review,81
microsoft,gpt-review,82
microsoft,gpt-review,83
microsoft,gpt-review,85
microsoft,gpt-review,86
microsoft,gpt-review,87
microsoft,gpt-review,90
microsoft,gpt-review,97
microsoft,gpt-review,99
microsoft,promptflow,2339
microsoft,semantic-kernel,992
mlcommons,GaNDLF,855
mlflow,mlflow,8155
n0-computer,iroh,1124
neo-project,neo,2925
neo-project,neo-devpack-dotnet,902
neoforged,NeoForge,716
neondatabase,website,1598
neovide,neovide,2191
ngaut,jarvis,26
nodejs,nodejs.org,6615
nomad-coe,greenX,57
numbersprotocol,capture-lite,2868
numbersprotocol,capture-lite,2927
nushell,nushell,9290
nventive,UnoApplicationTemplate,328
obophenotype,cell-ontology,1979
obsidianmd,obsidian-releases,1871
ocademy-ai,machine-learning,324
ocademy-ai,machine-learning,336
ocademy-ai,machine-learning,346
ocademy-ai,machine-learning,386
okp4,docs,362
open-neuromorphic,open-neuromorphic.github.io,179
open-space-collective,open-space-toolkit-astrodynamics,296
open-space-collective,open-space-toolkit-astrodynamics,305
open5e,open5e-api,133
openSUSE,agama,306
openai,automated-interpretability,34
openai,chatgpt-retrieval-plugin,110
openai,evals,1021
openai,evals,1056
openai,evals,1116
openai,evals,322
openai,evals,355
openai,evals,450
openai,evals,456
openai,evals,516
openai,evals,771
openpracticelibrary,openpracticelibrary,2119
openvinotoolkit,openvino_notebooks,897
openxla,xla,2859
orta,vscode-twoslash-queries,27
osmosis-labs,osmosis,6548
oss-review-toolkit,ort,8409
owid,etl,2153
owid,etl,2287
paradedb,paradedb,414
parkpow,deep-license-plate-recognition,179
parkpow,deep-license-plate-recognition,182
parkpow,deep-license-plate-recognition,183
parkpow,deep-license-plate-recognition,184
parkpow,deep-license-plate-recognition,185
parkpow,deep-license-plate-recognition,186
parkpow,deep-license-plate-recognition,187
parkpow,deep-license-plate-recognition,189
parkpow,deep-license-plate-recognition,190
parkpow,deep-license-plate-recognition,192
parkpow,deep-license-plate-recognition,197
parkpow,deep-license-plate-recognition,198
parkpow,deep-license-plate-recognition,200
parkpow,deep-license-plate-recognition,201
parkpow,deep-license-plate-recognition,203
payloadcms,payload,4468
pedrorito,ChatGPTSlackBot,3
perma-id,w3id.org,4041
pingcap,docs,13908
pingcap,tidb,46632
pipe-cd,pipecd,4672
pixee,python-security,11
pkgxdev,pkgx,504
plasma-umass,cwhy,15
plausible,analytics,3792
powdr-labs,powdr,950
prebid,Prebid.js,8587
prefix-dev,pixi,430
premAI-io,state-of-open-source-ai,51
primeqa,primeqa,450
primer-io,primer-sdk-ios,723
primer-io,primer-sdk-ios,816
projectdiscovery,openrisk,25
pytorch,executorch,2684
pytorch,pytorch,118469
pytorch,pytorch,99566
pytorch,torchtune,549
qdrant,landing_page,101
quanteda,quanteda.textmodels,60
quantified-uncertainty,squiggle,2093
quarkiverse,quarkus-langchain4j,348
quasar-finance,quasar,360
rapidsai,rmm,1339
rasbt,LLMs-from-scratch,24
razorpay,blade,1769
recap-build,recap,283
rhasspy,piper,109
risingwavelabs,risingwave,8774
risingwavelabs,risingwave,9714
risingwavelabs,risingwave-docs,1211
risingwavelabs,risingwave-docs,1438
risingwavelabs,risingwave-docs,686
rubygems,rubygems.org,4104
rukai,cargo-run-wasm,36
run-llama,llama_index,10409
run-llama,llama_index,515
sanity-io,locales,1
scaffold-eth,se-2-challenges,133
scala,improvement-proposals,65
scikit-bio,scikit-bio,1858
scverse,scverse-tutorials,53
senbox-org,snap-engine,340
senseshift,senseshift-firmware,100
sepandhaghighi,samila,184
seratch,ChatGPT-in-Slack,47
serudda,reward-system,66
skrub-data,skrub,552
smartcontractkit,chainlink-testing-framework,898
smartcontractkit,chainlink-testing-framework,903
smartcontractkit,chainlink-testing-framework,905
smartcontractkit,chainlink-testing-framework,909
smartcontractkit,chainlink-testing-framework,910
smartcontractkit,chainlink-testing-framework,911
smartcontractkit,chainlink-testing-framework,912
smartcontractkit,chainlink-testing-framework,913
smartcontractkit,chainlink-testing-framework,915
smartcontractkit,chainlink-testing-framework,917
smartcontractkit,chainlink-testing-framework,918
smartcontractkit,chainlink-testing-framework,919
smartcontractkit,chainlink-testing-framework,920
smartcontractkit,chainlink-testing-framework,923
smartcontractkit,chainlink-testing-framework,924
smartcontractkit,chainlink-testing-framework,925
smartcontractkit,chainlink-testing-framework,926
smartcontractkit,chainlink-testing-framework,927
smartcontractkit,chainlink-testing-framework,928
smartcontractkit,chainlink-testing-framework,929
smartcontractkit,chainlink-testing-framework,930
smartcontractkit,chainlink-testing-framework,931
smartcontractkit,chainlink-testing-framework,932
smartcontractkit,chainlink-testing-framework,933
smartcontractkit,chainlink-testing-framework,934
smartcontractkit,chainlink-testing-framework,935
smartcontractkit,chainlink-testing-framework,937
smartcontractkit,chainlink-testing-framework,938
smartcontractkit,chainlink-testing-framework,939
smartcontractkit,smart-contract-examples,52
smartcontractkit,smart-contract-examples,56
smartcontractkit,smart-contract-examples,58
smartcontractkit,smart-contract-examples,59
snapshot-labs,snapshot-sequencer,172
sofn-xyz,mailing,398
sonata-project,SonataAdminBundle,8025
sourcegraph,sourcegraph,51208
sourcegraph,sourcegraph,62430
spryker,oryx,799
ssc-sp,datahub-portal,1043
ssvlabs,ssv-spec,251
stargate,stargate,2606
succinctlabs,sp1,466
superhero-com,superhero-wallet,1739
symfony,symfony,52241
symfony,symfony,52279
symfony,symfony,52297
symfony,symfony,54522
taichi-dev,taichi,8089
tailcallhq,tailcall,528
talmolab,sleap,1272
tauri-apps,tauri-docs,1397
tauri-apps,tauri-docs,1404
tauri-apps,tauri-docs,1411
tiann,KernelSU,1410
tilburgsciencehub,website,966
tldr-pages,tldr,4961
toeverything,AFFiNE,5917
toeverything,AFFiNE,5920
toeverything,AFFiNE,5921
toeverything,AFFiNE,5922
toeverything,AFFiNE,5923
toeverything,AFFiNE,5927
tokens-studio,graph-engine,239
toptal,picasso,3389
tracim,tracim,6229
trongate,trongate-framework,162
truera,trulens,991
trustoverip,tswg-did-method-webs-specification,99
ublue-os,isogenerator-old,18
ultralytics,actions,69
ultralytics,assets,42
ultralytics,docs,56
ultralytics,flickr_scraper,20
ultralytics,google-images-download,26
ultralytics,hub,552
ultralytics,hub-sdk,96
ultralytics,mkdocs,42
ultralytics,pip,11
ultralytics,stars,24
ultralytics,template,16
ultralytics,ultralytics,7867
ultralytics,velocity,22
ultralytics,velocity,23
ultralytics,wave,15
ultralytics,wave,16
ultralytics,xview-yolov3,50
ultralytics,yolov3,2187
ultralytics,yolov5,12678
undefined-academy,semana-1,92
unskript,Awesome-CloudOps-Automation,192
uzh-bf,klicker-uzh,3756
uzh-bf,klicker-uzh,3790
uzh-bf,klicker-uzh,3791
uzh-bf,klicker-uzh,3792
uzh-bf,klicker-uzh,3793
uzh-bf,klicker-uzh,3794
wandb,wandb,5620
webaverse,app,3042
webbertakken,reviewer,17
webbertakken,reviewer,42
webstudio-is,webstudio,1759
wikimedia,wikipedia-preview,186
willowtreeapps,vocable-ios,724
withastro,astro,7352
wixplosives,engine,1907
woocommerce,woocommerce,39142
yGuy,chatgpt-mattermost-bot,15
yanyongyu,githubkit,86
yearn,yearn.fi,65
ymcui,Chinese-LLaMA-Alpaca,630
zauberzeug,nicegui,1238
zincware,ZnTrack,757
neelnanda-io,TransformerLens,245