owner_login,name,number,is_gpt
0atman,noboilerplate,48,1
1712n,dn-institute,293,1
3DStreet,3dstreet-editor,274,1
9oya,analytics_logger_gen,4,1
aallam,openai-kotlin,332,1
AbanteAI,mentat,116,1
AbanteAI,mentat,322,1
AbstractSDK,abstract,209,1
AbstractSDK,cw-orchestrator,345,1
ActivityWatch,aw-watcher-window,95,1
AdaptiveMotorControlLab,AmadeusGPT,11,1
adrianliechti,devkit,11,1
AgentOps-AI,agentops,96,1
ai-collection,ai-collection,86,1
airbytehq,airbyte,26643,1
algorand,go-algorand-sdk,534,1
alibaba,libgrape-lite,134,1
Alibaba-MIIL,ASL,59,1
alshedivat,al-folio,2059,1
ampproject,amphtml,9763,1
anaclumos,heimdall,18,1
anvilistas,anvil-extras,405,1
apache,airflow,23079,1
apache,airflow,28300,1
apache,cloudstack,7671,1
apache,eventmesh-site,215,1
apache,flink-cdc,2924,1
apache,incubator-devlake-website,680,1
apache,incubator-hugegraph-doc,258,1
apache,maven-build-cache-extension,58,1
apache,spark,41711,1
apache,superset,27905,1
apple,swift-syntax,2334,1
appunite,Loudius,20,1
aptos-labs,explorer,444,1
aragon,app,808,1
ardatan,graphql-mesh,6790,1
armosec,kubecop,151,1
armosec,kubecop,164,1
armosec,kubecop,166,1
armosec,kubecop,167,1
armosec,kubecop,168,1
armosec,kubecop,169,1
armosec,kubecop,171,1
armosec,kubecop,172,1
armosec,kubecop,174,1
armosec,kubecop,175,1
armosec,kubecop,177,1
armosec,kubecop,179,1
armosec,kubecop,180,1
armosec,kubecop,181,1
armosec,kubecop,182,1
armosec,kubecop,186,1
armosec,kubecop,187,1
arrow-kt,arrow,3004,1
athina-ai,athina-evals,19,1
athina-ai,athina-evals,22,1
Automattic,wp-calypso,83292,1
Automattic,wp-calypso,84168,1
autowarefoundation,autoware.universe,5954,1
autowarefoundation,autoware.universe,6570,1
autowarefoundation,autoware.universe,6618,1
autowarefoundation,autoware.universe,6649,1
avmnu-sng,rspec-tracer,1,1
avmnu-sng,rspec-tracer,26,1
avmnu-sng,rspec-tracer,28,1
avmnu-sng,rspec-tracer,63,1
axiomhq,next-axiom,120,1
az-digital,az_quickstart,3109,1
Azure,azure-kusto-java,300,1
Azure,azure-kusto-java,301,1
Azure,bicep-registry-modules,331,1
Azure,bicep-registry-modules,373,1
bacalhau-project,bacalhau,2778,1
ballerine-io,ballerine,2054,1
ballerine-io,ballerine,2065,1
ballerine-io,ballerine,2092,1
ballerine-io,ballerine,2094,1
ballerine-io,ballerine,2095,1
ballerine-io,ballerine,2096,1
ballerine-io,ballerine,2097,1
ballerine-io,ballerine,2098,1
ballerine-io,ballerine,2101,1
ballerine-io,ballerine,2103,1
ballerine-io,ballerine,2105,1
ballerine-io,ballerine,2106,1
ballerine-io,ballerine,2107,1
ballerine-io,ballerine,2108,1
ballerine-io,ballerine,2109,1
ballerine-io,ballerine,2110,1
ballerine-io,ballerine,2111,1
ballerine-io,ballerine,2112,1
ballerine-io,ballerine,2113,1
ballerine-io,ballerine,2114,1
ballerine-io,ballerine,2115,1
ballerine-io,ballerine,2116,1
ballerine-io,ballerine,2120,1
ballerine-io,ballerine,2121,1
ballerine-io,ballerine,2122,1
ballerine-io,ballerine,2124,1
ballerine-io,ballerine,2125,1
ballerine-io,ballerine,2126,1
ballerine-io,ballerine,2127,1
ballerine-io,ballerine,2128,1
ballerine-io,ballerine,2129,1
ballerine-io,ballerine,2131,1
ballerine-io,ballerine,2133,1
ballerine-io,ballerine,2134,1
ballerine-io,ballerine,2135,1
ballerine-io,ballerine,2136,1
ballerine-io,ballerine,2137,1
ballerine-io,ballerine,2138,1
ballerine-io,ballerine,2139,1
ballerine-io,ballerine,2141,1
ballerine-io,ballerine,2142,1
ballerine-io,ballerine,2144,1
ballerine-io,ballerine,2145,1
ballerine-io,ballerine,2146,1
ballerine-io,ballerine,2147,1
ballerine-io,ballerine,2148,1
ballerine-io,ballerine,2149,1
ballerine-io,ballerine,2150,1
ballerine-io,ballerine,2154,1
ballerine-io,ballerine,2155,1
ballerine-io,ballerine,2156,1
ballerine-io,ballerine,2158,1
ballerine-io,ballerine,2160,1
ballerine-io,ballerine,2161,1
ballerine-io,ballerine,2162,1
ballerine-io,ballerine,2163,1
ballerine-io,ballerine,2164,1
ballerine-io,ballerine,2166,1
ballerine-io,ballerine,2167,1
ballerine-io,ballerine,2168,1
ballerine-io,ballerine,2169,1
ballerine-io,ballerine,2171,1
ballerine-io,ballerine,2172,1
ballerine-io,ballerine,2173,1
ballerine-io,ballerine,2175,1
ballerine-io,ballerine,2177,1
ballerine-io,ballerine,2178,1
ballerine-io,ballerine,2179,1
ballerine-io,ballerine,2181,1
ballerine-io,ballerine,2182,1
ballerine-io,ballerine,2183,1
ballerine-io,ballerine,2184,1
ballerine-io,ballerine,2186,1
ballerine-io,ballerine,2188,1
ballerine-io,ballerine,2190,1
ballerine-io,ballerine,2192,1
ballerine-io,ballerine,2193,1
ballerine-io,ballerine,2194,1
ballerine-io,ballerine,2195,1
ballerine-io,ballerine,2196,1
ballerine-io,ballerine,2197,1
ballerine-io,ballerine,2198,1
ballerine-io,ballerine,2202,1
ballerine-io,ballerine,2203,1
ballerine-io,ballerine,2204,1
ballerine-io,ballerine,2205,1
ballerine-io,ballerine,2207,1
ballerine-io,ballerine,2208,1
ballerine-io,ballerine,2209,1
ballerine-io,ballerine,2210,1
ballerine-io,ballerine,2217,1
ballerine-io,ballerine,2218,1
ballerine-io,ballerine,2220,1
ballerine-io,ballerine,2221,1
ballerine-io,ballerine,2222,1
ballerine-io,ballerine,2233,1
ballerine-io,ballerine,2236,1
ballerine-io,ballerine,2237,1
ballerine-io,ballerine,2240,1
BibliothecaDAO,eternum,438,1
BibliothecaDAO,eternum,440,1
BibliothecaDAO,eternum,442,1
BibliothecaDAO,eternum,444,1
BibliothecaDAO,eternum,445,1
BibliothecaDAO,eternum,449,1
BibliothecaDAO,eternum,454,1
BibliothecaDAO,eternum,456,1
BibliothecaDAO,eternum,458,1
bioconda,bioconda-recipes,45006,1
bipinkrish,Link-Bypasser-Bot,60,1
bitcoin-core,gui,720,1
bitcoin-dev-project,sim-ln,130,1
bitcoin-dev-project,sim-ln,167,1
bnb-chain,bsc,1077,1
BookBeat,knightbus,100,1
boostcampwm2023,iOS08-WeTri,28,1
Bouni,python-luxtronik,154,1
brafdlog,caspion,541,1
braingeneers,braingeneerspy,61,1
brave,ads-ui,1023,1
brave,ads-ui,1069,1
brave,ads-ui,1076,1
brave,ads-ui,1108,1
brave,ads-ui,1114,1
brave,ads-ui,1127,1
brave,ads-ui,1134,1
brave,ads-ui,1137,1
brave,ads-ui,1140,1
brave,ads-ui,1143,1
brave,ads-ui,998,1
brave,brave-core,19982,1
brave,brave-core,20315,1
brave,brave-core,20343,1
brave,brave-core,20754,1
brave,brave-core,20820,1
brave,brave-core,21014,1
brave,brave-core,21041,1
brave,brave-core,21186,1
brave,brave-core,21188,1
brave,brave-core,21191,1
brave,brave-core,21204,1
brave,brave-core,21214,1
brave,brave-core,21246,1
brave,brave-core,21266,1
brave,brave-core,21290,1
brave,brave-core,21293,1
brave,brave-core,21295,1
brave,brave-core,21332,1
brave,brave-core,21341,1
brave,brave-core,21344,1
brave,brave-core,21346,1
brave,brave-core,21355,1
brave,brave-core,21377,1
brave,brave-core,21388,1
brave,brave-core,21389,1
brave,brave-core,21398,1
brave,brave-core,21400,1
brave,brave-core,21405,1
brave,brave-core,21406,1
brave,brave-core,21407,1
brave,brave-core,21408,1
brave,brave-core,21418,1
brave,brave-core,21430,1
brave,brave-core,21441,1
brave,brave-core,21444,1
brave,brave-core,21455,1
brave,brave-core,21458,1
brave,brave-core,21460,1
brave,brave-core,21467,1
brave,brave-core,21475,1
brave,brave-core,21482,1
brave,brave-core,21485,1
brave,brave-core,21516,1
brave,brave-core,21519,1
brave,brave-core,21520,1
brave,brave-core,21522,1
brave,brave-core,21526,1
brave,brave-core,21541,1
brave,brave-core,21549,1
brave,brave-core,21550,1
brave,brave-core,21551,1
brave,brave-core,21552,1
brave,brave-core,21556,1
brave,brave-core,21567,1
brave,brave-core,21568,1
brave,brave-core,21573,1
brave,brave-core,21574,1
brave,brave-core,21600,1
brave,brave-core,21609,1
brave,brave-core,21618,1
brave,brave-core,21627,1
brave,brave-core,21634,1
brave,brave-core,21639,1
brave,brave-core,21644,1
brave,brave-core,21670,1
brave,brave-core,21673,1
brave,brave-core,21678,1
brave,brave-core,21687,1
brave,brave-core,21716,1
brave,brave-core,21718,1
brave,brave-core,21756,1
brave,brave-core,21791,1
brave,brave-core,21823,1
brave,brave-core,21833,1
brave,brave-core,21854,1
brave,brave-core,21857,1
brave,brave-core,21859,1
brave,brave-core,21896,1
brave,brave-core,21897,1
brave,brave-core,21898,1
brave,brave-core,21900,1
brave,brave-core,21905,1
brave,brave-core,21918,1
brave,brave-core,21921,1
brave,brave-core,21932,1
brave,brave-core,21934,1
brave,brave-core,21936,1
brave,brave-core,21962,1
brave,brave-core,21977,1
brave,brave-core,21990,1
brave,brave-core,22002,1
brave,brave-core,22029,1
brave,brave-core,22052,1
brave,brave-core,22067,1
brave,brave-core,22081,1
brave,brave-core,22090,1
brave,brave-core,22091,1
brave,brave-core,22109,1
brave,brave-core,22116,1
brave,brave-core,22126,1
brave,brave-core,22155,1
brave,brave-core,22218,1
brave,brave-core,22225,1
brave,brave-core,22228,1
brave,brave-core,22230,1
brave,brave-core,22231,1
brave,brave-core,22232,1
brave,brave-core,22257,1
brave,brave-core,22285,1
brave,brave-core,22304,1
brave,brave-core,22306,1
brave,brave-core,22317,1
brave,brave-core,22343,1
brave,brave-core,22367,1
brave,brave-core,22369,1
brave,brave-core,22381,1
brave,brave-core,22389,1
brave,brave-core,22395,1
brave,brave-core,22439,1
brave,brave-core,22440,1
brave,brave-core,22443,1
brave,brave-core,22444,1
brave,brave-core,22459,1
brave,brave-core,22476,1
brave,brave-core,22505,1
brave,brave-core,22516,1
brave,brave-core,22542,1
brave,brave-core,22553,1
brave,brave-ios,8533,1
brave,brave-ios,8557,1
brave,brave-ios,8591,1
brave,brave-ios,8595,1
brave,brave-ios,8626,1
brave,brave-ios,8654,1
brave,brave-ios,8659,1
brave,brave-ios,8682,1
brave,brave-ios,8693,1
brave,brave-ios,8716,1
brave,brave-ios,8726,1
brave,brave-ios,8763,1
brave,brave-talk,1360,1
brave,brave-talk,1367,1
brave,brave-variations,972,1
brave,go-sync,194,1
brave,leo,520,1
brave,news-aggregator,779,1
brave,pull-merge,119,1
brave,pull-merge,120,1
brave,pull-merge,85,1
brave,pull-merge,88,1
brave,pull-merge,90,1
brave,pull-merge,91,1
brave,pull-merge,97,1
brave,security-action,466,1
brave,security-action,490,1
brave,security-action,502,1
brave,tokenizer,56,1
brave,uBlock,231,1
brave,uBlock,233,1
brave,uBlock,234,1
brave,uBlock,235,1
brave,uBlock,236,1
brave,uBlock,237,1
brave,uBlock,238,1
brave,uBlock,239,1
brave,uBlock,247,1
brave-intl,bat-go,2253,1
brave-intl,bat-go,2281,1
brave-intl,bat-go,2299,1
brave-intl,bat-go,2329,1
brave-intl,bat-go,2331,1
brave-intl,bat-go,2347,1
brave-intl,bat-go,2395,1
brave-intl,bat-go,2429,1
brave-intl,challenge-bypass-ristretto,35,1
cairo-book,cairo-book,147,1
Canner,WrenAI,57,1
Canner,WrenAI,58,1
cardstack,boxel,1157,1
ceph,ceph,5867,1
charmbracelet,mods,7,1
chatwoot,chatwoot,8666,1
ChimeraOS,chimeraos,800,1
chroma-core,chroma,1217,1
chroma-core,docs,169,1
CitizenLabDotCo,citizenlab,4616,1
City-of-Helsinki,linkedevents,889,1
ckb-js,nexus,175,1
cleder,pygeoif,209,1
cleder,pygeoif,215,1
ClickHouse,ClickHouse,47874,1
cockroachdb,cockroach,103373,1
codedog-ai,codedog,22,1
codedog-ai,codedog,26,1
codedog-ai,codedog,31,1
codedog-ai,codedog,36,1
codedog-ai,codedog,9,1
coderabbitai,ai-pr-reviewer,218,1
coderabbitai,ai-pr-reviewer,284,1
coderabbitai,ai-pr-reviewer,285,1
coderabbitai,ai-pr-reviewer,494,1
Codium-ai,AlphaCodium,10,1
Codium-ai,AlphaCodium,15,1
Codium-ai,AlphaCodium,16,1
Codium-ai,AlphaCodium,18,1
Codium-ai,AlphaCodium,19,1
Codium-ai,AlphaCodium,25,1
Codium-ai,AlphaCodium,28,1
Codium-ai,AlphaCodium,29,1
Codium-ai,AlphaCodium,31,1
Codium-ai,AlphaCodium,32,1
Codium-ai,AlphaCodium,35,1
Codium-ai,AlphaCodium,38,1
Codium-ai,AlphaCodium,40,1
Codium-ai,AlphaCodium,41,1
Codium-ai,AlphaCodium,7,1
Codium-ai,AlphaCodium,8,1
Codium-ai,AlphaCodium,9,1
Codium-ai,pr-agent,139,1
Codium-ai,pr-agent,338,1
Codium-ai,pr-agent,400,1
Codium-ai,pr-agent,481,1
Codium-ai,pr-agent,587,1
Codium-ai,pr-agent,594,1
Codium-ai,pr-agent,598,1
Codium-ai,pr-agent,600,1
Codium-ai,pr-agent,601,1
Codium-ai,pr-agent,605,1
Codium-ai,pr-agent,607,1
Codium-ai,pr-agent,612,1
Codium-ai,pr-agent,613,1
Codium-ai,pr-agent,614,1
Codium-ai,pr-agent,616,1
Codium-ai,pr-agent,618,1
Codium-ai,pr-agent,620,1
Codium-ai,pr-agent,621,1
Codium-ai,pr-agent,622,1
Codium-ai,pr-agent,624,1
Codium-ai,pr-agent,627,1
Codium-ai,pr-agent,628,1
Codium-ai,pr-agent,629,1
Codium-ai,pr-agent,630,1
Codium-ai,pr-agent,634,1
Codium-ai,pr-agent,636,1
Codium-ai,pr-agent,638,1
Codium-ai,pr-agent,639,1
Codium-ai,pr-agent,640,1
Codium-ai,pr-agent,641,1
Codium-ai,pr-agent,643,1
Codium-ai,pr-agent,644,1
Codium-ai,pr-agent,646,1
Codium-ai,pr-agent,649,1
Codium-ai,pr-agent,650,1
Codium-ai,pr-agent,651,1
Codium-ai,pr-agent,653,1
Codium-ai,pr-agent,654,1
Codium-ai,pr-agent,655,1
Codium-ai,pr-agent,656,1
Codium-ai,pr-agent,661,1
Codium-ai,pr-agent,665,1
Codium-ai,pr-agent,666,1
Codium-ai,pr-agent,667,1
Codium-ai,pr-agent,670,1
Codium-ai,pr-agent,672,1
Codium-ai,pr-agent,673,1
Codium-ai,pr-agent,674,1
Codium-ai,pr-agent,675,1
Codium-ai,pr-agent,677,1
Codium-ai,pr-agent,678,1
Codium-ai,pr-agent,679,1
Codium-ai,pr-agent,680,1
Codium-ai,pr-agent,681,1
Codium-ai,pr-agent,682,1
Codium-ai,pr-agent,683,1
Codium-ai,pr-agent,684,1
Codium-ai,pr-agent,686,1
Codium-ai,pr-agent,687,1
Codium-ai,pr-agent,691,1
Codium-ai,pr-agent,694,1
Codium-ai,pr-agent,695,1
Codium-ai,pr-agent,696,1
Codium-ai,pr-agent,700,1
Codium-ai,pr-agent,701,1
Codium-ai,pr-agent,705,1
Codium-ai,pr-agent,706,1
Codium-ai,pr-agent,707,1
Codium-ai,pr-agent,708,1
Codium-ai,pr-agent,709,1
Codium-ai,pr-agent,710,1
Codium-ai,pr-agent,712,1
Codium-ai,pr-agent,714,1
Codium-ai,pr-agent,715,1
Codium-ai,pr-agent,716,1
Codium-ai,pr-agent,717,1
Codium-ai,pr-agent,719,1
Codium-ai,pr-agent,720,1
Codium-ai,pr-agent,723,1
Codium-ai,pr-agent,725,1
Codium-ai,pr-agent,727,1
Codium-ai,pr-agent,729,1
Codium-ai,pr-agent,730,1
Codium-ai,pr-agent,736,1
Codium-ai,pr-agent,744,1
Codium-ai,pr-agent,745,1
Codium-ai,pr-agent,746,1
Codium-ai,pr-agent,747,1
Codium-ai,pr-agent,748,1
Codium-ai,pr-agent,750,1
Codium-ai,pr-agent,751,1
Codium-ai,pr-agent,756,1
Codium-ai,pr-agent,757,1
Codium-ai,pr-agent,759,1
Codium-ai,pr-agent,762,1
Codium-ai,pr-agent,764,1
Codium-ai,pr-agent,769,1
Codium-ai,pr-agent,772,1
Codium-ai,pr-agent,775,1
Codium-ai,pr-agent,776,1
Codium-ai,pr-agent,786,1
Codium-ai,pr-agent,793,1
Codium-ai,pr-agent,800,1
Codium-ai,pr-agent,804,1
Codium-ai,pr-agent,805,1
Codium-ai,pr-agent,809,1
Codium-ai,pr-agent,810,1
Codium-ai,pr-agent,815,1
Codium-ai,pr-agent,817,1
comfyanonymous,ComfyUI,258,1
consensus-shipyard,ipc,675,1
contentful,apps,4456,1
contentful,template-blog-webapp-nextjs,62,1
cornell-dti,course-plan,847,1
cruise-automation,mlir-tcp,62,1
CUBRID,cubrid,4492,1
danny-avila,LibreChat,1230,1
danny-avila,LibreChat,55,1
darkrenaissance,darkfi,215,1
dashpay,dash,5316,1
dashpay,platform,1657,1
dashpay,platform,1679,1
Data-Provenance-Initiative,Data-Provenance-Collection,15,1
Data-Provenance-Initiative,Data-Provenance-Collection,26,1
Data-Provenance-Initiative,Data-Provenance-Collection,33,1
deco-cx,apps,228,1
deepmodeling,abacus-develop,2435,1
deepmodeling,abacus-develop,2440,1
deepmodeling,abacus-develop,2442,1
demergent-labs,kybra,465,1
demisto,content,25333,1
DenverCoder1,github-readme-streak-stats,479,1
digiteinfotech,kairon,1140,1
dolthub,go-mysql-server,1695,1
DragonOS-Community,DragonOS,576,1
DragonOS-Community,DragonOS,578,1
DragonOS-Community,DragonOS,579,1
DragonOS-Community,DragonOS,589,1
DragonOS-Community,DragonOS,592,1
DragonOS-Community,DragonOS,593,1
DragonOS-Community,DragonOS,594,1
DragonOS-Community,DragonOS,595,1
DragonOS-Community,DragonOS,596,1
DragonOS-Community,DragonOS,600,1
DragonOS-Community,DragonOS,601,1
DragonOS-Community,DragonOS,602,1
DragonOS-Community,DragonOS,603,1
DragonOS-Community,DragonOS,606,1
DragonOS-Community,DragonOS,607,1
DragonOS-Community,DragonOS,609,1
DragonOS-Community,DragonOS,610,1
DragonOS-Community,DragonOS,611,1
DragonOS-Community,DragonOS,613,1
DragonOS-Community,DragonOS,614,1
DragonOS-Community,DragonOS,615,1
DragonOS-Community,DragonOS,617,1
DragonOS-Community,DragonOS,618,1
DragonOS-Community,DragonOS,621,1
DragonOS-Community,DragonOS,622,1
duneanalytics,spellbook,3240,1
duplocloud,terraform-provider-duplocloud,374,1
dust-tt,dust,507,1
dust-tt,dust,908,1
easystats,datawizard,372,1
Ebazhanov,linkedin-skill-assessments-quizzes,6571,1
ecosia,ios-browser,624,1
ecosia,ios-browser,625,1
ecosia,ios-browser,626,1
ecosia,ios-browser,627,1
ecosia,ios-browser,629,1
ecosia,ios-browser,630,1
ecosia,ios-browser,631,1
ecosia,ios-browser,633,1
ecosia,ios-browser,634,1
ecosia,ios-browser,635,1
edlich,education,469,1
electricitymaps,electricitymaps-contrib,6485,1
EleutherAI,elk,140,1
EleutherAI,lm-evaluation-harness,1171,1
elodin-sys,elodin,12,1
elsirion,webimint-rs,72,1
eonx-com,easy-monorepo,1091,1
equinor,xtgeo,1127,1
eunomia-bpf,eunomia-bpf,303,1
exoascension,vault-chat,23,1
Expensify,App,30907,1
explodinggradients,ragas,759,1
EyuCoder,chatgpt-pro,22,1
f,awesome-chatgpt-prompts,187,1
f,awesome-chatgpt-prompts,581,1
f5,unovis,182,1
facebookresearch,habitat-lab,1800,1
farcasterxyz,hub-monorepo,590,1
fastestimator,fastestimator,1473,1
fastestimator,fastestimator,1475,1
fiatrete,OpenDAN-Personal-AI-OS,99,1
filecoin-project,filecoin-docs,1925,1
filipecalegario,awesome-generative-ai,45,1
FinOps-Open-Cost-and-Usage-Spec,FOCUS_Spec,179,1
flaree,flare-cogs,188,1
flathub,flathub,4301,1
FlowFuse,node-red-function-gpt,20,1
fluxninja,aperture,3023,1
fluxninja,aperture,3060,1
fmhy,FMHYedit,511,1
fmhy,FMHYedit,601,1
formbricks,formbricks,1277,1
formbricks,formbricks,1856,1
formbricks,formbricks,2271,1
formbricks,formbricks,412,1
formbricks,formbricks,464,1
formbricks,formbricks,858,1
freedomcombination,monorepo,1197,1
freedomcombination,monorepo,1214,1
freeverseio,laos,369,1
frequenz-floss,frequenz-sdk-python,167,1
fujiapple852,trippy,1046,1
GaloyMoney,blink-mobile,2905,1
gem5,gem5,577,1
getredash,redash,6888,1
geyserfund,geyser-app,1095,1
ggerganov,llama.cpp,3841,1
ggerganov,llama.cpp,753,1
ghc-proposals,ghc-proposals,270,1
gip-inclusion,les-emplois,2472,1
gita,bhagavad-gita-api,92,1
gitcoinco,grants-stack,2434,1
github,codeql,13661,1
google,BIG-bench,142,1
googleapis,google-cloud-php,5734,1
greenelab,manubot-gpt-manuscript,18,1
GreptimeTeam,docs,506,1
gretelai,gretel-blueprints,292,1
growthbook,growthbook,1594,1
guidance-ai,guidance,239,1
hackforla,CivicTechJobs,465,1
hades217,awesome-ai,16,1
harrisiirak,cron-parser,323,1
hathach,tinyusb,2569,1
hcavarsan,kftray,123,1
hcavarsan,kftray,127,1
hcavarsan,kftray,143,1
hcavarsan,kftray,163,1
helmerapp,micro,31,1
hicommonwealth,commonwealth,3888,1
holoviz,panel,6213,1
holtzy,R-graph-gallery,117,1
htot,meta-intel-edison,4,1
huggingface,transformers,30538,1
HumanCompatibleAI,tensor-trust,204,1
HumanCompatibleAI,tensor-trust,64,1
hypertrons,hypertrons-crx,713,1
illacloud,illa-builder,2273,1
image-source-control,image-source-control,289,1
image-source-control,image-source-control,290,1
inkstitch,inkstitch,2720,1
intercom,intercom-android,601,1
intercom,intercom-react-native,92,1
invariant-labs,webapp,657,1
j178,chatgpt,64,1
JanusGraph,janusgraph,3879,1
Jermolene,TiddlyWiki5,7874,1
jesse-ai,jesse,407,1
JetBrains-Research,TestSpark,27,1
jina-ai,docsQA-ui,104,1
JinyuanSun,ChatMol,6,1
johannschopplich,unlazy,15,1
john-doherty,mixpanel-lite,23,1
josdejong,jsonrepair,91,1
Joystream,atlas,5910,1
jupyterlab,jupyter-ai,564,1
jxnl,instructor,154,1
jxnl,instructor,171,1
jxnl,instructor,173,1
jxnl,instructor,190,1
jxnl,instructor,304,1
jxnl,instructor,425,1
kalvilabs,kalvi,19,1
Kanaries,graphic-walker,232,1
Kanaries,graphic-walker,238,1
Kanaries,graphic-walker,241,1
Kanaries,graphic-walker,250,1
Kanaries,graphic-walker,252,1
Kanaries,graphic-walker,253,1
Kanaries,graphic-walker,254,1
Kanaries,graphic-walker,255,1
Kanaries,graphic-walker,261,1
Kanaries,graphic-walker,262,1
Kanaries,graphic-walker,264,1
Kanaries,graphic-walker,267,1
Kanaries,graphic-walker,269,1
Kanaries,graphic-walker,270,1
Kanaries,graphic-walker,273,1
Kanaries,graphic-walker,274,1
Kanaries,graphic-walker,276,1
Kanaries,graphic-walker,278,1
Kanaries,graphic-walker,280,1
Kanaries,graphic-walker,282,1
Kanaries,graphic-walker,284,1
Kanaries,graphic-walker,288,1
Kanaries,graphic-walker,289,1
Kanaries,graphic-walker,291,1
Kanaries,graphic-walker,292,1
Kanaries,graphic-walker,293,1
Kanaries,graphic-walker,295,1
Kanaries,graphic-walker,297,1
Kanaries,graphic-walker,300,1
Kanaries,graphic-walker,301,1
Kanaries,graphic-walker,302,1
Kanaries,graphic-walker,305,1
Kanaries,graphic-walker,306,1
Kanaries,graphic-walker,308,1
Kanaries,graphic-walker,310,1
Kanaries,graphic-walker,314,1
Kanaries,graphic-walker,316,1
Kanaries,graphic-walker,317,1
Kanaries,graphic-walker,319,1
Kanaries,graphic-walker,320,1
Kanaries,graphic-walker,321,1
Kanaries,graphic-walker,323,1
Kanaries,graphic-walker,324,1
Kanaries,graphic-walker,326,1
Kanaries,graphic-walker,327,1
Kanaries,graphic-walker,331,1
Kanaries,graphic-walker,332,1
Kanaries,graphic-walker,333,1
Kanaries,graphic-walker,334,1
Kanaries,graphic-walker,335,1
Kanaries,graphic-walker,336,1
Kanaries,graphic-walker,337,1
Kanaries,graphic-walker,339,1
Kanaries,graphic-walker,341,1
Kanaries,graphic-walker,343,1
Kanaries,graphic-walker,345,1
Kanaries,graphic-walker,346,1
Kanaries,graphic-walker,348,1
Kanaries,graphic-walker,349,1
Kanaries,graphic-walker,350,1
Kanaries,graphic-walker,352,1
Kanaries,graphic-walker,353,1
Kanaries,graphic-walker,355,1
Kanaries,graphic-walker,356,1
Kanaries,graphic-walker,359,1
Kanaries,graphic-walker,362,1
Kanaries,graphic-walker,364,1
Kanaries,graphic-walker,365,1
Kanaries,graphic-walker,367,1
Kanaries,graphic-walker,368,1
Kanaries,graphic-walker,369,1
Kanaries,graphic-walker,371,1
Kanaries,graphic-walker,372,1
Kanaries,graphic-walker,374,1
Kanaries,graphic-walker,375,1
Kanaries,graphic-walker,377,1
keyshade-xyz,keyshade,100,1
keyshade-xyz,keyshade,101,1
keyshade-xyz,keyshade,102,1
keyshade-xyz,keyshade,106,1
keyshade-xyz,keyshade,112,1
keyshade-xyz,keyshade,129,1
keyshade-xyz,keyshade,132,1
keyshade-xyz,keyshade,133,1
keyshade-xyz,keyshade,144,1
keyshade-xyz,keyshade,153,1
keyshade-xyz,keyshade,156,1
keyshade-xyz,keyshade,158,1
keyshade-xyz,keyshade,163,1
keyshade-xyz,keyshade,165,1
keyshade-xyz,keyshade,168,1
keyshade-xyz,keyshade,169,1
keyshade-xyz,keyshade,170,1
keyshade-xyz,keyshade,88,1
keyshade-xyz,keyshade,90,1
keyshade-xyz,keyshade,93,1
keyshade-xyz,keyshade,98,1
kirillzyusko,react-native-keyboard-controller,380,1
Kong,kong,12865,1
krahets,hello-algo,1019,1
krahets,hello-algo,1206,1
krishnaik06,The-Grand-Complete-Data-Science-Materials,39,1
kubaceg,sofar_g3_lsw3_logger_reader,13,1
kubernetes,kube-openapi,411,1
kubescape,github-action,65,1
kubescape,helm-charts,379,1
kubescape,helm-charts,381,1
kubescape,helm-charts,382,1
kubescape,helm-charts,387,1
kubescape,helm-charts,388,1
kubescape,helm-charts,389,1
kubescape,helm-charts,391,1
kubescape,helm-charts,392,1
kubescape,helm-charts,394,1
kubescape,helm-charts,395,1
kubescape,helm-charts,396,1
kubescape,helm-charts,398,1
kubescape,helm-charts,399,1
kubescape,helm-charts,401,1
kubescape,helm-charts,402,1
kubescape,helm-charts,403,1
kubescape,helm-charts,404,1
kubescape,helm-charts,405,1
kubescape,helm-charts,407,1
kubescape,helm-charts,408,1
kubescape,helm-charts,412,1
kubescape,kubevuln,204,1
kubescape,kubevuln,211,1
kubescape,kubevuln,213,1
kubescape,kubevuln,215,1
kubescape,kubevuln,216,1
kubescape,operator,205,1
kubescape,operator,207,1
kubescape,operator,211,1
kubescape,operator,212,1
kubescape,operator,214,1
kubescape,regolibrary,564,1
kubescape,regolibrary,566,1
kubescape,regolibrary,568,1
kubescape,regolibrary,569,1
kubescape,regolibrary,570,1
kubescape,regolibrary,571,1
kubescape,regolibrary,572,1
kubescape,regolibrary,573,1
kubescape,regolibrary,574,1
kubescape,regolibrary,575,1
kubescape,regolibrary,576,1
kubescape,regolibrary,578,1
kubescape,regolibrary,579,1
kubescape,regolibrary,580,1
kubescape,regolibrary,581,1
kubescape,regolibrary,582,1
kubescape,regolibrary,584,1
kubescape,regolibrary,585,1
kubescape,regolibrary,586,1
kubescape,regolibrary,587,1
kubescape,regolibrary,588,1
kubescape,regolibrary,590,1
kubescape,regolibrary,591,1
kubescape,regolibrary,592,1
kubescape,regolibrary,593,1
kubescape,regolibrary,594,1
kubescape,regolibrary,595,1
kubescape,regolibrary,596,1
kubescape,regolibrary,597,1
kubescape,regolibrary,598,1
kubescape,regolibrary,599,1
kubescape,regolibrary,600,1
kubescape,regolibrary,601,1
kubescape,regolibrary,602,1
kubescape,regolibrary,603,1
kubescape,regolibrary,604,1
kubescape,regolibrary,605,1
kubescape,regolibrary,606,1
kubescape,regolibrary,607,1
kubescape,regolibrary,608,1
kubescape,regolibrary,609,1
Kumar-laxmi,Algorithms,1450,1
labring,FastGPT,302,1
langchain-ai,langchain,7575,1
langchain-ai,langchain,9563,1
langchain4j,langchain4j,691,1
langgenius,dify,2651,1
langroid,langroid,297,1
lastmile-ai,semantic-retrieval,87,1
leanprover-community,mathlib4,10771,1
leejet,stable-diffusion.cpp,75,1
leonardocustodio,polkadart,417,1
leonardocustodio,polkadart,421,1
leonardocustodio,polkadart,424,1
leonardocustodio,polkadart,429,1
leonardocustodio,polkadart,430,1
leonardocustodio,polkadart,431,1
leonardocustodio,polkadart,432,1
leonardocustodio,polkadart,434,1
LI-Mingyu,cndev-tutorial,13,1
LI-Mingyu,cndev-tutorial,2,1
LI-Mingyu,cndev-tutorial,23,1
lightningnetwork,lnd,7518,1
line,armeria,4957,1
lingua-libre,SignIt,60,1
linka-app,linka,11,1
linux-odyssey,linux-odyssey,101,1
linux-odyssey,linux-odyssey,102,1
linux-odyssey,linux-odyssey,104,1
linux-odyssey,linux-odyssey,106,1
linux-odyssey,linux-odyssey,107,1
linux-odyssey,linux-odyssey,108,1
linux-odyssey,linux-odyssey,109,1
linux-odyssey,linux-odyssey,110,1
linux-odyssey,linux-odyssey,35,1
linux-odyssey,linux-odyssey,36,1
linux-odyssey,linux-odyssey,39,1
linux-odyssey,linux-odyssey,45,1
linux-odyssey,linux-odyssey,46,1
linux-odyssey,linux-odyssey,47,1
linux-odyssey,linux-odyssey,48,1
linux-odyssey,linux-odyssey,50,1
linux-odyssey,linux-odyssey,59,1
linux-odyssey,linux-odyssey,60,1
linux-odyssey,linux-odyssey,61,1
linux-odyssey,linux-odyssey,63,1
linux-odyssey,linux-odyssey,64,1
linux-odyssey,linux-odyssey,65,1
linux-odyssey,linux-odyssey,68,1
linux-odyssey,linux-odyssey,72,1
linux-odyssey,linux-odyssey,73,1
linux-odyssey,linux-odyssey,74,1
linux-odyssey,linux-odyssey,75,1
linux-odyssey,linux-odyssey,78,1
linux-odyssey,linux-odyssey,81,1
linux-odyssey,linux-odyssey,83,1
linux-odyssey,linux-odyssey,84,1
linux-odyssey,linux-odyssey,85,1
linux-odyssey,linux-odyssey,86,1
linux-odyssey,linux-odyssey,87,1
linux-odyssey,linux-odyssey,90,1
linux-odyssey,linux-odyssey,91,1
linux-odyssey,linux-odyssey,98,1
linux-odyssey,linux-odyssey,99,1
lobehub,lobe-chat,1339,1
logseq,logseq,9358,1
logseq,logseq,9757,1
lonekorean,wordpress-export-to-markdown,67,1
ManagedKube,kubernetes-ops,430,1
massalabs,station,931,1
MatteoFasulo,Whisper-TikTok,30,1
mckaywrigley,chatbot-ui,181,1
mcmonkeyprojects,sd-infinity-grid-generator-script,47,1
mdn,content,31016,1
mdn,yari,10925,1
meilisearch,documentation,2208,1
microsoft,FLAML,1048,1
microsoft,FLAML,986,1
microsoft,FluidFramework,15613,1
microsoft,Form-Recognizer-Toolkit,31,1
microsoft,SynapseML,1930,1
microsoft,SynapseML,1938,1
microsoft,SynapseML,1941,1
microsoft,SynapseML,1948,1
microsoft,SynapseML,1952,1
microsoft,SynapseML,1957,1
microsoft,SynapseML,1961,1
microsoft,SynapseML,1966,1
microsoft,SynapseML,1968,1
microsoft,SynapseML,1969,1
microsoft,SynapseML,1970,1
microsoft,SynapseML,1971,1
microsoft,SynapseML,1972,1
microsoft,SynapseML,1976,1
microsoft,SynapseML,1977,1
microsoft,SynapseML,1980,1
microsoft,SynapseML,1983,1
microsoft,SynapseML,1984,1
microsoft,SynapseML,1985,1
microsoft,SynapseML,1988,1
microsoft,SynapseML,1991,1
microsoft,SynapseML,1992,1
microsoft,SynapseML,1995,1
microsoft,SynapseML,1999,1
microsoft,SynapseML,2000,1
microsoft,SynapseML,2003,1
microsoft,SynapseML,2008,1
microsoft,SynapseML,2011,1
microsoft,SynapseML,2013,1
microsoft,SynapseML,2016,1
microsoft,SynapseML,2019,1
microsoft,SynapseML,2021,1
microsoft,SynapseML,2023,1
microsoft,SynapseML,2029,1
microsoft,SynapseML,2031,1
microsoft,SynapseML,2033,1
microsoft,SynapseML,2035,1
microsoft,SynapseML,2036,1
microsoft,SynapseML,2041,1
microsoft,SynapseML,2042,1
microsoft,SynapseML,2043,1
microsoft,SynapseML,2045,1
microsoft,SynapseML,2046,1
microsoft,SynapseML,2047,1
microsoft,SynapseML,2049,1
microsoft,SynapseML,2050,1
microsoft,SynapseML,2068,1
microsoft,SynapseML,2070,1
microsoft,SynapseML,2078,1
microsoft,autogen,43,1
microsoft,gpt-review,1,1
microsoft,gpt-review,106,1
microsoft,gpt-review,107,1
microsoft,gpt-review,108,1
microsoft,gpt-review,110,1
microsoft,gpt-review,118,1
microsoft,gpt-review,13,1
microsoft,gpt-review,15,1
microsoft,gpt-review,16,1
microsoft,gpt-review,21,1
microsoft,gpt-review,31,1
microsoft,gpt-review,35,1
microsoft,gpt-review,36,1
microsoft,gpt-review,37,1
microsoft,gpt-review,43,1
microsoft,gpt-review,48,1
microsoft,gpt-review,49,1
microsoft,gpt-review,5,1
microsoft,gpt-review,50,1
microsoft,gpt-review,54,1
microsoft,gpt-review,55,1
microsoft,gpt-review,56,1
microsoft,gpt-review,57,1
microsoft,gpt-review,59,1
microsoft,gpt-review,6,1
microsoft,gpt-review,60,1
microsoft,gpt-review,61,1
microsoft,gpt-review,64,1
microsoft,gpt-review,65,1
microsoft,gpt-review,66,1
microsoft,gpt-review,69,1
microsoft,gpt-review,70,1
microsoft,gpt-review,71,1
microsoft,gpt-review,72,1
microsoft,gpt-review,73,1
microsoft,gpt-review,74,1
microsoft,gpt-review,75,1
microsoft,gpt-review,76,1
microsoft,gpt-review,77,1
microsoft,gpt-review,78,1
microsoft,gpt-review,79,1
microsoft,gpt-review,8,1
microsoft,gpt-review,80,1
microsoft,gpt-review,81,1
microsoft,gpt-review,82,1
microsoft,gpt-review,83,1
microsoft,gpt-review,85,1
microsoft,gpt-review,86,1
microsoft,gpt-review,87,1
microsoft,gpt-review,90,1
microsoft,gpt-review,97,1
microsoft,gpt-review,99,1
microsoft,promptflow,2339,1
microsoft,semantic-kernel,992,1
mlcommons,GaNDLF,855,1
mlflow,mlflow,8155,1
Mudlet,Mudlet,6533,1
n0-computer,iroh,1124,1
Nat1anWasTaken,Lava,117,1
Navideck,universal_ble,1,1
Navideck,universal_ble,10,1
Navideck,universal_ble,11,1
Navideck,universal_ble,12,1
Navideck,universal_ble,16,1
Navideck,universal_ble,17,1
Navideck,universal_ble,20,1
Navideck,universal_ble,22,1
Navideck,universal_ble,23,1
Navideck,universal_ble,24,1
Navideck,universal_ble,28,1
Navideck,universal_ble,3,1
Navideck,universal_ble,4,1
Navideck,universal_ble,8,1
Navideck,universal_ble,9,1
neo-project,neo,2925,1
neo-project,neo-devpack-dotnet,902,1
neoforged,NeoForge,716,1
neondatabase,website,1598,1
neovide,neovide,2191,1
ngaut,jarvis,26,1
nodejs,nodejs.org,6615,1
nomad-coe,greenX,57,1
numbersprotocol,capture-lite,2868,1
numbersprotocol,capture-lite,2927,1
nushell,nushell,9290,1
Nutlope,aicommits,48,1
Nutlope,aicommits,69,1
nventive,UnoApplicationTemplate,328,1
obophenotype,cell-ontology,1979,1
obsidianmd,obsidian-releases,1871,1
ocademy-ai,machine-learning,324,1
ocademy-ai,machine-learning,336,1
ocademy-ai,machine-learning,346,1
ocademy-ai,machine-learning,386,1
OdyseeTeam,odysee-frontend,3041,1
okp4,docs,362,1
Oneflow-Inc,oneflow,4171,1
open-neuromorphic,open-neuromorphic.github.io,179,1
open-space-collective,open-space-toolkit-astrodynamics,296,1
open-space-collective,open-space-toolkit-astrodynamics,305,1
open5e,open5e-api,133,1
openai,automated-interpretability,34,1
openai,chatgpt-retrieval-plugin,110,1
openai,evals,1021,1
openai,evals,1056,1
openai,evals,1116,1
openai,evals,322,1
openai,evals,355,1
openai,evals,450,1
openai,evals,456,1
openai,evals,516,1
openai,evals,771,1
OpenBB-finance,OpenBBTerminal,4644,1
OpenBB-finance,OpenBBTerminal,4685,1
OpenBB-finance,OpenBBTerminal,4835,1
OpenMS,OpenMS,7326,1
OpenMS,OpenMS,7327,1
OpenMS,OpenMS,7328,1
openpracticelibrary,openpracticelibrary,2119,1
openSUSE,agama,306,1
openvinotoolkit,openvino_notebooks,897,1
openxla,xla,2859,1
orta,vscode-twoslash-queries,27,1
osmosis-labs,osmosis,6548,1
oss-review-toolkit,ort,8409,1
owid,etl,2153,1
owid,etl,2287,1
paradedb,paradedb,414,1
parkpow,deep-license-plate-recognition,179,1
parkpow,deep-license-plate-recognition,182,1
parkpow,deep-license-plate-recognition,183,1
parkpow,deep-license-plate-recognition,184,1
parkpow,deep-license-plate-recognition,185,1
parkpow,deep-license-plate-recognition,186,1
parkpow,deep-license-plate-recognition,187,1
parkpow,deep-license-plate-recognition,189,1
parkpow,deep-license-plate-recognition,190,1
parkpow,deep-license-plate-recognition,192,1
parkpow,deep-license-plate-recognition,197,1
parkpow,deep-license-plate-recognition,198,1
parkpow,deep-license-plate-recognition,200,1
parkpow,deep-license-plate-recognition,201,1
parkpow,deep-license-plate-recognition,203,1
payloadcms,payload,4468,1
pedrorito,ChatGPTSlackBot,3,1
perma-id,w3id.org,4041,1
Phala-Network,index-contract,82,1
PickNikRobotics,ros_testing_templates,16,1
pingcap,docs,13908,1
pingcap,tidb,46632,1
pipe-cd,pipecd,4672,1
pixee,python-security,11,1
pkgxdev,pkgx,504,1
plasma-umass,cwhy,15,1
plausible,analytics,3792,1
PolicyEngine,policyengine-app,395,1
powdr-labs,powdr,950,1
prebid,Prebid.js,8587,1
prefix-dev,pixi,430,1
premAI-io,state-of-open-source-ai,51,1
primeqa,primeqa,450,1
primer-io,primer-sdk-ios,723,1
primer-io,primer-sdk-ios,816,1
projectdiscovery,openrisk,25,1
pytorch,executorch,2684,1
pytorch,pytorch,118469,1
pytorch,pytorch,99566,1
pytorch,torchtune,549,1
qdrant,landing_page,101,1
quanteda,quanteda.textmodels,60,1
quantified-uncertainty,squiggle,2093,1
quarkiverse,quarkus-langchain4j,348,1
quasar-finance,quasar,360,1
rapidsai,rmm,1339,1
rasbt,LLMs-from-scratch,24,1
razorpay,blade,1769,1
recap-build,recap,283,1
rhasspy,piper,109,1
Rhetos,Rhetos,479,1
risingwavelabs,risingwave,8774,1
risingwavelabs,risingwave,9714,1
risingwavelabs,risingwave-docs,1211,1
risingwavelabs,risingwave-docs,1438,1
risingwavelabs,risingwave-docs,686,1
RobotLocomotion,drake,19513,1
rubygems,rubygems.org,4104,1
rukai,cargo-run-wasm,36,1
run-llama,llama_index,10409,1
run-llama,llama_index,515,1
RustCrypto,stream-ciphers,333,1
sanity-io,locales,1,1
scaffold-eth,se-2-challenges,133,1
scala,improvement-proposals,65,1
scikit-bio,scikit-bio,1858,1
scverse,scverse-tutorials,53,1
SeleniumHQ,docker-selenium,2167,1
SeleniumHQ,docker-selenium,2173,1
SeleniumHQ,selenium,13668,1
SeleniumHQ,selenium,13672,1
SeleniumHQ,selenium,13673,1
SeleniumHQ,selenium,13675,1
SeleniumHQ,selenium,13679,1
SeleniumHQ,selenium,13680,1
SeleniumHQ,selenium,13683,1
SeleniumHQ,selenium,13694,1
SeleniumHQ,selenium,13698,1
SeleniumHQ,selenium,13701,1
SeleniumHQ,selenium,13705,1
SeleniumHQ,selenium,13710,1
SeleniumHQ,selenium,13725,1
SeleniumHQ,selenium,13727,1
SeleniumHQ,seleniumhq.github.io,1609,1
SeleniumHQ,seleniumhq.github.io,1611,1
SeleniumHQ,seleniumhq.github.io,1612,1
SeleniumHQ,seleniumhq.github.io,1613,1
senbox-org,snap-engine,340,1
senseshift,senseshift-firmware,100,1
sepandhaghighi,samila,184,1
seratch,ChatGPT-in-Slack,47,1
serudda,reward-system,66,1
Shopify,cli,1803,1
Shopify,polaris,10749,1
Shopify,product-taxonomy,53,1
Sinaptik-AI,pandas-ai,397,1
Sinaptik-AI,pandas-ai,499,1
Sinaptik-AI,pandas-ai,610,1
Sinaptik-AI,pandas-ai,618,1
Sinaptik-AI,pandas-ai,682,1
Sinaptik-AI,pandas-ai,753,1
Sinaptik-AI,pandas-ai,876,1
skrub-data,skrub,552,1
smartcontractkit,chainlink-testing-framework,898,1
smartcontractkit,chainlink-testing-framework,903,1
smartcontractkit,chainlink-testing-framework,905,1
smartcontractkit,chainlink-testing-framework,909,1
smartcontractkit,chainlink-testing-framework,910,1
smartcontractkit,chainlink-testing-framework,911,1
smartcontractkit,chainlink-testing-framework,912,1
smartcontractkit,chainlink-testing-framework,913,1
smartcontractkit,chainlink-testing-framework,915,1
smartcontractkit,chainlink-testing-framework,917,1
smartcontractkit,chainlink-testing-framework,918,1
smartcontractkit,chainlink-testing-framework,919,1
smartcontractkit,chainlink-testing-framework,920,1
smartcontractkit,chainlink-testing-framework,923,1
smartcontractkit,chainlink-testing-framework,924,1
smartcontractkit,chainlink-testing-framework,925,1
smartcontractkit,chainlink-testing-framework,926,1
smartcontractkit,chainlink-testing-framework,927,1
smartcontractkit,chainlink-testing-framework,928,1
smartcontractkit,chainlink-testing-framework,929,1
smartcontractkit,chainlink-testing-framework,930,1
smartcontractkit,chainlink-testing-framework,931,1
smartcontractkit,chainlink-testing-framework,932,1
smartcontractkit,chainlink-testing-framework,933,1
smartcontractkit,chainlink-testing-framework,934,1
smartcontractkit,chainlink-testing-framework,935,1
smartcontractkit,chainlink-testing-framework,937,1
smartcontractkit,chainlink-testing-framework,938,1
smartcontractkit,chainlink-testing-framework,939,1
smartcontractkit,smart-contract-examples,52,1
smartcontractkit,smart-contract-examples,56,1
smartcontractkit,smart-contract-examples,58,1
smartcontractkit,smart-contract-examples,59,1
snapshot-labs,snapshot-sequencer,172,1
sofn-xyz,mailing,398,1
sonata-project,SonataAdminBundle,8025,1
Songkeys,tsconfig-to-swcconfig,19,1
sourcegraph,sourcegraph,51208,1
sourcegraph,sourcegraph,62430,1
Spiral-AI,SpiralFilm,28,1
spryker,oryx,799,1
ssc-sp,datahub-portal,1043,1
ssvlabs,ssv-spec,251,1
SSWConsulting,SSW.Rules.Content,7592,1
SSWConsulting,SSW.Rules.Content,8065,1
StanfordBDHG,LLMonFHIR,26,1
stargate,stargate,2606,1
Stirling-Tools,Stirling-PDF,797,1
succinctlabs,sp1,466,1
Superflows-AI,superflows,101,1
superhero-com,superhero-wallet,1739,1
symfony,symfony,52241,1
symfony,symfony,52279,1
symfony,symfony,52297,1
symfony,symfony,54522,1
taichi-dev,taichi,8089,1
tailcallhq,tailcall,528,1
talmolab,sleap,1272,1
tauri-apps,tauri-docs,1397,1
tauri-apps,tauri-docs,1404,1
tauri-apps,tauri-docs,1411,1
Telefonica,mistica-design,1121,1
Telefonica,mistica-design,1122,1
TheAssemblyArmada,Thyme,917,1
TheR1D,shell_gpt,242,1
TheR1D,shell_gpt,88,1
TheR1D,shell_gpt,94,1
tiann,KernelSU,1410,1
tilburgsciencehub,website,966,1
tldr-pages,tldr,4961,1
toeverything,AFFiNE,5917,1
toeverything,AFFiNE,5920,1
toeverything,AFFiNE,5921,1
toeverything,AFFiNE,5922,1
toeverything,AFFiNE,5923,1
toeverything,AFFiNE,5927,1
Together-Java,TJ-Bot,982,1
tokens-studio,graph-engine,239,1
toptal,picasso,3389,1
Torantulino,AI-Functions,16,1
tracim,tracim,6229,1
trongate,trongate-framework,162,1
truera,trulens,991,1
trustoverip,tswg-did-method-webs-specification,99,1
TykTechnologies,tyk,5972,1
TykTechnologies,tyk,5973,1
TykTechnologies,tyk,5974,1
TykTechnologies,tyk,5975,1
TykTechnologies,tyk,5977,1
TykTechnologies,tyk,5978,1
TykTechnologies,tyk,5979,1
TykTechnologies,tyk,5980,1
TykTechnologies,tyk,5981,1
TykTechnologies,tyk,5982,1
TykTechnologies,tyk,5985,1
TykTechnologies,tyk,5986,1
TykTechnologies,tyk,5987,1
TykTechnologies,tyk,5988,1
TykTechnologies,tyk,5989,1
TykTechnologies,tyk,5990,1
TykTechnologies,tyk,5991,1
TykTechnologies,tyk,5993,1
TykTechnologies,tyk,5994,1
TykTechnologies,tyk,5996,1
TykTechnologies,tyk,5998,1
TykTechnologies,tyk,6001,1
TykTechnologies,tyk,6004,1
TykTechnologies,tyk,6005,1
TykTechnologies,tyk,6006,1
TykTechnologies,tyk,6007,1
TykTechnologies,tyk,6008,1
TykTechnologies,tyk,6009,1
TykTechnologies,tyk,6012,1
TykTechnologies,tyk,6015,1
TykTechnologies,tyk,6017,1
TykTechnologies,tyk,6019,1
TykTechnologies,tyk,6021,1
TykTechnologies,tyk,6022,1
TykTechnologies,tyk,6024,1
TykTechnologies,tyk,6025,1
TykTechnologies,tyk,6026,1
TykTechnologies,tyk,6028,1
TykTechnologies,tyk,6029,1
TykTechnologies,tyk,6030,1
TykTechnologies,tyk,6031,1
TykTechnologies,tyk,6032,1
TykTechnologies,tyk,6034,1
TykTechnologies,tyk,6035,1
TykTechnologies,tyk,6036,1
TykTechnologies,tyk,6038,1
TykTechnologies,tyk,6039,1
TykTechnologies,tyk,6040,1
TykTechnologies,tyk,6041,1
TykTechnologies,tyk,6043,1
TykTechnologies,tyk,6044,1
TykTechnologies,tyk,6045,1
TykTechnologies,tyk,6046,1
TykTechnologies,tyk,6049,1
TykTechnologies,tyk,6050,1
TykTechnologies,tyk,6052,1
TykTechnologies,tyk,6053,1
TykTechnologies,tyk,6054,1
TykTechnologies,tyk,6055,1
TykTechnologies,tyk,6056,1
TykTechnologies,tyk,6057,1
TykTechnologies,tyk,6058,1
TykTechnologies,tyk,6059,1
TykTechnologies,tyk,6060,1
TykTechnologies,tyk,6061,1
TykTechnologies,tyk,6062,1
TykTechnologies,tyk,6063,1
TykTechnologies,tyk,6064,1
TykTechnologies,tyk,6065,1
TykTechnologies,tyk,6066,1
TykTechnologies,tyk,6067,1
TykTechnologies,tyk,6068,1
TykTechnologies,tyk,6072,1
TykTechnologies,tyk,6073,1
TykTechnologies,tyk,6074,1
TykTechnologies,tyk,6075,1
TykTechnologies,tyk,6076,1
TykTechnologies,tyk,6078,1
TykTechnologies,tyk,6079,1
TykTechnologies,tyk,6081,1
TykTechnologies,tyk,6082,1
TykTechnologies,tyk,6083,1
TykTechnologies,tyk,6086,1
TykTechnologies,tyk,6087,1
TykTechnologies,tyk,6088,1
TykTechnologies,tyk,6092,1
TykTechnologies,tyk,6093,1
TykTechnologies,tyk,6094,1
TykTechnologies,tyk,6095,1
TykTechnologies,tyk,6096,1
TykTechnologies,tyk,6097,1
TykTechnologies,tyk,6098,1
TykTechnologies,tyk,6100,1
TykTechnologies,tyk,6101,1
TykTechnologies,tyk,6102,1
TykTechnologies,tyk,6103,1
TykTechnologies,tyk,6104,1
TykTechnologies,tyk,6105,1
TykTechnologies,tyk,6106,1
TykTechnologies,tyk,6109,1
TykTechnologies,tyk,6110,1
TykTechnologies,tyk,6111,1
TykTechnologies,tyk,6112,1
TykTechnologies,tyk,6113,1
TykTechnologies,tyk,6114,1
TykTechnologies,tyk,6115,1
TykTechnologies,tyk,6116,1
TykTechnologies,tyk,6118,1
TykTechnologies,tyk,6120,1
TykTechnologies,tyk,6121,1
TykTechnologies,tyk,6122,1
TykTechnologies,tyk,6123,1
TykTechnologies,tyk,6127,1
TykTechnologies,tyk,6128,1
TykTechnologies,tyk,6129,1
TykTechnologies,tyk,6130,1
TykTechnologies,tyk,6133,1
TykTechnologies,tyk,6134,1
TykTechnologies,tyk,6138,1
TykTechnologies,tyk,6142,1
TykTechnologies,tyk,6143,1
TykTechnologies,tyk,6144,1
TykTechnologies,tyk,6149,1
TykTechnologies,tyk,6151,1
TykTechnologies,tyk,6152,1
TykTechnologies,tyk,6155,1
TykTechnologies,tyk,6157,1
TykTechnologies,tyk,6165,1
TykTechnologies,tyk,6166,1
TykTechnologies,tyk,6169,1
TykTechnologies,tyk,6171,1
TykTechnologies,tyk,6173,1
TykTechnologies,tyk,6174,1
TykTechnologies,tyk,6178,1
TykTechnologies,tyk,6180,1
TykTechnologies,tyk-docs,4019,1
TykTechnologies,tyk-docs,4027,1
TykTechnologies,tyk-docs,4042,1
TykTechnologies,tyk-docs,4043,1
TykTechnologies,tyk-docs,4046,1
TykTechnologies,tyk-docs,4051,1
TykTechnologies,tyk-docs,4052,1
TykTechnologies,tyk-docs,4054,1
TykTechnologies,tyk-docs,4057,1
TykTechnologies,tyk-docs,4058,1
TykTechnologies,tyk-docs,4065,1
TykTechnologies,tyk-docs,4066,1
TykTechnologies,tyk-docs,4067,1
TykTechnologies,tyk-docs,4069,1
TykTechnologies,tyk-docs,4074,1
TykTechnologies,tyk-docs,4075,1
TykTechnologies,tyk-docs,4076,1
TykTechnologies,tyk-docs,4078,1
TykTechnologies,tyk-docs,4080,1
TykTechnologies,tyk-docs,4082,1
TykTechnologies,tyk-docs,4086,1
TykTechnologies,tyk-docs,4087,1
TykTechnologies,tyk-docs,4090,1
TykTechnologies,tyk-docs,4091,1
TykTechnologies,tyk-docs,4106,1
TykTechnologies,tyk-docs,4108,1
TykTechnologies,tyk-docs,4109,1
TykTechnologies,tyk-docs,4110,1
TykTechnologies,tyk-docs,4111,1
TykTechnologies,tyk-docs,4121,1
TykTechnologies,tyk-docs,4123,1
TykTechnologies,tyk-docs,4127,1
TykTechnologies,tyk-docs,4140,1
TykTechnologies,tyk-docs,4141,1
TykTechnologies,tyk-docs,4142,1
TykTechnologies,tyk-docs,4146,1
TykTechnologies,tyk-docs,4149,1
TykTechnologies,tyk-docs,4150,1
TykTechnologies,tyk-docs,4151,1
TykTechnologies,tyk-docs,4152,1
TykTechnologies,tyk-docs,4157,1
TykTechnologies,tyk-docs,4160,1
TykTechnologies,tyk-docs,4163,1
TykTechnologies,tyk-docs,4166,1
TykTechnologies,tyk-docs,4167,1
TykTechnologies,tyk-docs,4173,1
TykTechnologies,tyk-docs,4176,1
TykTechnologies,tyk-docs,4177,1
TykTechnologies,tyk-docs,4179,1
TykTechnologies,tyk-docs,4184,1
TykTechnologies,tyk-docs,4186,1
TykTechnologies,tyk-docs,4187,1
TykTechnologies,tyk-docs,4188,1
TykTechnologies,tyk-docs,4191,1
TykTechnologies,tyk-docs,4192,1
TykTechnologies,tyk-docs,4193,1
TykTechnologies,tyk-docs,4195,1
TykTechnologies,tyk-docs,4198,1
TykTechnologies,tyk-docs,4205,1
TykTechnologies,tyk-docs,4208,1
TykTechnologies,tyk-docs,4209,1
TykTechnologies,tyk-docs,4215,1
TykTechnologies,tyk-docs,4216,1
TykTechnologies,tyk-docs,4231,1
TykTechnologies,tyk-docs,4232,1
TykTechnologies,tyk-docs,4234,1
TykTechnologies,tyk-docs,4236,1
TykTechnologies,tyk-docs,4237,1
TykTechnologies,tyk-docs,4238,1
TykTechnologies,tyk-docs,4240,1
TykTechnologies,tyk-docs,4242,1
TykTechnologies,tyk-docs,4243,1
TykTechnologies,tyk-docs,4245,1
TykTechnologies,tyk-docs,4246,1
TykTechnologies,tyk-docs,4248,1
TykTechnologies,tyk-docs,4250,1
TykTechnologies,tyk-docs,4257,1
TykTechnologies,tyk-docs,4258,1
TykTechnologies,tyk-docs,4273,1
TykTechnologies,tyk-docs,4274,1
TykTechnologies,tyk-docs,4275,1
TykTechnologies,tyk-docs,4276,1
TykTechnologies,tyk-docs,4281,1
TykTechnologies,tyk-docs,4282,1
TykTechnologies,tyk-docs,4283,1
TykTechnologies,tyk-docs,4284,1
TykTechnologies,tyk-docs,4288,1
TykTechnologies,tyk-docs,4289,1
TykTechnologies,tyk-docs,4300,1
TykTechnologies,tyk-docs,4303,1
TykTechnologies,tyk-docs,4312,1
TykTechnologies,tyk-docs,4318,1
TykTechnologies,tyk-docs,4319,1
TykTechnologies,tyk-docs,4320,1
ublue-os,isogenerator-old,18,1
ultralytics,actions,69,1
ultralytics,assets,42,1
ultralytics,docs,56,1
ultralytics,flickr_scraper,20,1
ultralytics,google-images-download,26,1
ultralytics,hub,552,1
ultralytics,hub-sdk,96,1
ultralytics,mkdocs,42,1
ultralytics,pip,11,1
ultralytics,stars,24,1
ultralytics,template,16,1
ultralytics,ultralytics,7867,1
ultralytics,velocity,22,1
ultralytics,velocity,23,1
ultralytics,wave,15,1
ultralytics,wave,16,1
ultralytics,xview-yolov3,50,1
ultralytics,yolov3,2187,1
ultralytics,yolov5,12678,1
undefined-academy,semana-1,92,1
Uniswap,interface,6558,1
unskript,Awesome-CloudOps-Automation,192,1
uzh-bf,klicker-uzh,3756,1
uzh-bf,klicker-uzh,3790,1
uzh-bf,klicker-uzh,3791,1
uzh-bf,klicker-uzh,3792,1
uzh-bf,klicker-uzh,3793,1
uzh-bf,klicker-uzh,3794,1
wandb,wandb,5620,1
webaverse,app,3042,1
webbertakken,reviewer,17,1
webbertakken,reviewer,42,1
webstudio-is,webstudio,1759,1
wikimedia,wikipedia-preview,186,1
willowtreeapps,vocable-ios,724,1
withastro,astro,7352,1
wixplosives,engine,1907,1
woocommerce,woocommerce,39142,1
Workable,g3,25,1
yanyongyu,githubkit,86,1
YAPP-Github,onboard-aos,82,1
YARC-Official,YARG,492,1
yearn,yearn.fi,65,1
yGuy,chatgpt-mattermost-bot,15,1
ymcui,Chinese-LLaMA-Alpaca,630,1
zauberzeug,nicegui,1238,1
Zero6992,chatGPT-discord-bot,83,1
zincware,ZnTrack,757,1
0xk1h0,ChatGPT_DAN,62,0
1Panel-dev,appstore,355,0
6boris,awesome-golang-algorithm,732,0
96boards,documentation,710,0
96boards,meta-96boards,348,0
AC-BO-Hackathon,ac-bo-hackathon.github.io,126,0
AC-BO-Hackathon,ac-bo-hackathon.github.io,147,0
AC-BO-Hackathon,ac-bo-hackathon.github.io,30,0
AC-BO-Hackathon,ac-bo-hackathon.github.io,33,0
AC-BO-Hackathon,ac-bo-hackathon.github.io,67,0
AC-BO-Hackathon,ac-bo-hackathon.github.io,72,0
AC-BO-Hackathon,ac-bo-hackathon.github.io,80,0
AOSPAlliance,android-prepare-vendor,16,0
ARM-software,arm-enterprise-acs,119,0
ARM-software,arm-trusted-firmware,298,0
AUTOMATIC1111,stable-diffusion-webui-extensions,264,0
AbanteAI,mentat,252,0
Ada18980,KinkiestDungeon,86,0
AdguardTeam,AdguardFilters,114653,0
AdguardTeam,AdguardFilters,125888,0
AdguardTeam,AdguardFilters,133245,0
AdguardTeam,AdguardFilters,138585,0
AdguardTeam,AdguardFilters,174443,0
AdguardTeam,AdguardFilters,30460,0
AdguardTeam,AdguardFilters,35585,0
AdguardTeam,AdguardFilters,61020,0
AdguardTeam,AdguardFilters,61067,0
AdguardTeam,AdguardFilters,64857,0
AdguardTeam,AdguardFilters,66660,0
AdguardTeam,AdguardFilters,70150,0
AdguardTeam,AdguardFilters,70462,0
AdguardTeam,AdguardFilters,79811,0
AdguardTeam,AdguardFilters,86017,0
AdguardTeam,FiltersRegistry,449,0
AgoraIO,agora_doc_source,2896,0
AgoraIO,agora_doc_source,3049,0
AgoraIO,agora_doc_source,3336,0
Agrover112,awesome-semantic-search,52,0
AlmaLinux,leapp-repository,16,0
AlmaLinux,leapp-repository,3,0
AmauriC,tarteaucitron.js,24,0
AntiZapret,antizapret,24,0
Automattic,jetpack,34900,0
Avaiga,taipy-doc,777,0
Ayanaminn,N46Whisper,50,0
Azure-Samples,app-templates-java-openai-springapps,25,0
Azure-Samples,azure-search-openai-demo,361,0
Azure,MS-AMP-Examples,11,0
Azure,azure-cli,27801,0
Azure,azure-cli-extensions,6966,0
Azure,azure-sdk-tools,7973,0
Azure,azureml-assets,1688,0
BYVoid,OpenCC,841,0
BerriAI,litellm,768,0
Book-Study-For-Developer,Modern-React-Deep-Dive,48,0
BuilderIO,partytown,499,0
CDCgov,phdi,1165,0
CFPAOrg,Minecraft-Mod-Language-Package,3099,0
CFPAOrg,Minecraft-Mod-Language-Package,3937,0
CHNZYX,Auto_Simulated_Universe,64,0
CMHopeSunshine,LittlePaimon,389,0
CORE-GATECH-GROUP,serpent-tools,403,0
CORE-GATECH-GROUP,serpent-tools,405,0
CSUSTers,csust-got,175,0
CSUSTers,csust-got,206,0
Calcium-Ion,new-api,173,0
Calcium-Ion,new-api,197,0
Calcium-Ion,new-api,198,0
Charcoal-SE,SmokeDetector,8514,0
Checkmarx,ast-vscode-extension,613,0
Checkmarx,ast-vscode-extension,765,0
Checkmarx,ast-vscode-extension,770,0
Checkmarx,ast-vscode-extension,771,0
Checkmarx,ast-vscode-extension,773,0
Checkmarx,ast-vscode-extension,779,0
Checkmarx,ast-vscode-extension,781,0
Checkmarx,ast-vscode-extension,783,0
Checkmarx,ast-vscode-extension,787,0
Checkmarx,ast-vscode-extension,804,0
ChibiOS,ChibiOS-Contrib,344,0
ChibiOS,ChibiOS-Contrib,393,0
Cisco-Talos,clamav,941,0
ClusterLabs,crmsh,798,0
Codecademy,docs,1829,0
CodethinkLabs,mt3620-m4-samples,17,0
CodingTrain,thecodingtrain.com,516,0
Codium-ai,pr-agent,435,0
CyberAgentGameEntertainment,AirSticker,10,0
DAGWorks-Inc,burr,50,0
DGtal-team,DGtal,1416,0
DIYgod,RSSHub,10242,0
DIYgod,RSSHub,11276,0
DIYgod,RSSHub,11713,0
DIYgod,RSSHub,11798,0
DIYgod,RSSHub,11967,0
DIYgod,RSSHub,12113,0
DIYgod,RSSHub,12168,0
DIYgod,RSSHub,12249,0
DIYgod,RSSHub,12346,0
DIYgod,RSSHub,12361,0
DIYgod,RSSHub,12434,0
DIYgod,RSSHub,12681,0
DIYgod,RSSHub,12798,0
DIYgod,RSSHub,13083,0
DIYgod,RSSHub,13109,0
DIYgod,RSSHub,13354,0
DIYgod,RSSHub,13522,0
DIYgod,RSSHub,13614,0
DIYgod,RSSHub,13874,0
DIYgod,RSSHub,13908,0
DIYgod,RSSHub,14013,0
DIYgod,RSSHub,14063,0
DIYgod,RSSHub,14162,0
DIYgod,RSSHub,14224,0
DIYgod,RSSHub,14272,0
DIYgod,RSSHub,14424,0
DIYgod,RSSHub,14635,0
DIYgod,RSSHub,14651,0
DIYgod,RSSHub,14713,0
DIYgod,RSSHub,14818,0
DIYgod,RSSHub,14884,0
DIYgod,RSSHub,14929,0
DIYgod,RSSHub,15097,0
DIYgod,RSSHub,15170,0
DIYgod,RSSHub,15189,0
DIYgod,RSSHub,15209,0
DIYgod,RSSHub,15233,0
Dataherald,dataherald,247,0
Dataherald,dataherald,252,0
Dataherald,dataherald,90,0
DragonOS-Community,DragonOS,465,0
DragonOS-Community,DragonOS,493,0
DragonOS-Community,DragonOS,673,0
Drakkar-Software,OctoBot,2300,0
EDDI-RobotAcademy,KHGPM-Frontend,129,0
Econify,ad.js,122,0
Econify,ad.js,72,0
EleutherAI,lm-evaluation-harness,612,0
EleutherAI,lm-evaluation-harness,902,0
Evil0ctal,Douyin_TikTok_Download_API,275,0
ExploreASL,ExploreASL,1475,0
ExtensityAI,symbolicai,14,0
FRONTENDSCHOOL5,final-15-Tripillow,291,0
FlagOpen,FlagPerf,239,0
FloatTech,ZeroBot-Plugin,672,0
FuchsiaOS,FuchsiaOS-docs-zh_CN,54,0
GameSphere-MultiPlayer,GameSphere,665,0
GeneralTask,task-manager,2904,0
GhostPangPang,GhostPong,196,0
GhostPangPang,GhostPong,217,0
GhostPangPang,GhostPong,245,0
GhostPangPang,GhostPong,249,0
GoogleChrome,lighthouse,14353,0
GoogleCloudPlatform,compute-image-import,30,0
HIllya51,LunaTranslator,433,0
HIllya51,LunaTranslator,585,0
Homebrew,legacy-homebrew,22037,0
HomebrewNLP,HomebrewNLP,9,0
HqWu-HITCS,Awesome-Chinese-LLM,13,0
IDEA-CCNL,Fengshenbang-LM,4,0
IDEA-Research,Grounded-Segment-Anything,118,0
IINemo,lm-polygraph,102,0
INCATools,ontology-access-kit,705,0
Ikaros-521,AI-Vtuber,1,0
Indipage,SERVER,4,0
IntelligenzaArtificiale,Free-Auto-GPT,84,0
JMRI,JMRI,8467,0
JohnSnowLabs,langtest,650,0
JohnSnowLabs,langtest,738,0
JohnSnowLabs,spark-nlp,6559,0
Juniper,healthbot-rules,55,0
Juniper,py-junos-eznc,883,0
Kotlin-Polytech,KotlinAsFirst2016,99,0
LAION-AI,Open-Assistant,1781,0
LAION-AI,Open-Assistant,4,0
LiLittleCat,awesome-free-chatgpt,383,0
LibreELEC,LibreELEC.tv,7393,0
LibreELEC,LibreELEC.tv,7394,0
Lightning-AI,litgpt,778,0
Lightning-AI,pytorch-lightning,17597,0
Lightning-AI,pytorch-lightning,17627,0
Lightning-AI,pytorch-lightning,18004,0
Lightning-AI,pytorch-lightning,18194,0
Lightning-AI,pytorch-lightning,18317,0
Lightning-AI,pytorch-lightning,18721,0
Lightning-AI,pytorch-lightning,18819,0
Lightning-AI,pytorch-lightning,19027,0
Lightning-AI,pytorch-lightning,19196,0
Lightning-AI,pytorch-lightning,19520,0
Lightning-AI,pytorch-lightning,19556,0
Lightning-AI,pytorch-lightning,9634,0
Lightning-Universe,lightning-bolts,118,0
Lightning-Universe,lightning-bolts,141,0
Lightning-Universe,lightning-bolts,164,0
Lightning-Universe,lightning-bolts,501,0
Lightning-Universe,lightning-bolts,580,0
Lightning-Universe,lightning-bolts,601,0
Lightning-Universe,lightning-bolts,621,0
Lightning-Universe,lightning-bolts,669,0
Lightning-Universe,lightning-bolts,674,0
Lightning-Universe,lightning-bolts,676,0
Linux4Yourself,book,538,0
LiteLoaderQQNT,Plugin-List,50,0
LoneGazebo,Community-Patch-DLL,10385,0
MYONGSIK,Android,107,0
MacPaw,OpenAI,196,0
MacPaw,OpenAI,78,0
MajkiIT,polish-ads-filter,14798,0
MakeFrog,TechTalk,49,0
MichaIng,DietPi-Docs,371,0
MicrosoftDocs,azure-docs,112671,0
MicrosoftDocs,azure-docs,32129,0
MicrosoftDocs,microsoft-365-community,822,0
MinamiChiwa,Trainers-Legend-G,167,0
Moonlark-Dev,XDbot2,427,0
NVIDIA,Megatron-LM,706,0
NVIDIA,NeMo,3092,0
NVIDIA,NeMo,4532,0
NVIDIA,NeMo,5685,0
NVIDIA,NeMo,6049,0
NVIDIA,NeMo,6141,0
NVIDIA,NeMo,7485,0
NVIDIA,NeMo,7792,0
NVIDIA,NeMo,8088,0
NVIDIA,NeMo,8641,0
NVIDIA,NeMo,8755,0
NVIDIA,NeMo,8946,0
NVIDIA,NeMo,8953,0
NVIDIA,NeMo-Aligner,91,0
NVIDIA,TensorRT-LLM,1455,0
NVIDIA,TransformerEngine,517,0
NVIDIA,apex,1380,0
NVIDIA,apex,1651,0
NanoAdblockerLab,NanoContrib,110,0
NanoAdblockerLab,NanoContrib,115,0
NanoAdblockerLab,NanoContrib,12,0
NanoAdblockerLab,NanoContrib,126,0
NanoAdblockerLab,NanoContrib,18,0
NanoAdblockerLab,NanoContrib,22,0
NanoAdblockerLab,NanoContrib,30,0
NanoAdblockerLab,NanoContrib,36,0
NanoAdblockerLab,NanoContrib,37,0
NanoAdblockerLab,NanoContrib,49,0
NanoAdblockerLab,NanoContrib,51,0
NanoAdblockerLab,NanoContrib,67,0
NanoAdblockerLab,NanoContrib,8,0
NanoAdblockerLab,NanoContrib,83,0
NanoAdblockerLab,NanoContrib,84,0
NanoAdblockerLab,NanoContrib,88,0
NascentCore,3k,3,0
NascentCore,3k,353,0
NixOS,nixpkgs,102979,0
NixOS,nixpkgs,102980,0
NixOS,nixpkgs,121429,0
NixOS,nixpkgs,148186,0
NixOS,nixpkgs,150491,0
NixOS,nixpkgs,189767,0
NixOS,nixpkgs,193589,0
NixOS,nixpkgs,201859,0
NixOS,nixpkgs,203433,0
NixOS,nixpkgs,254790,0
NixOS,nixpkgs,286206,0
NixOS,nixpkgs,289709,0
NixOS,nixpkgs,291418,0
NixOS,nixpkgs,296494,0
NixOS,nixpkgs,298416,0
NixOS,nixpkgs,300499,0
NixOS,nixpkgs,302287,0
NixOS,nixpkgs,303584,0
NixOS,nixpkgs,304926,0
NixOS,nixpkgs,307610,0
NixOS,nixpkgs,35666,0
Nv7-GitHub,googlesearch,45,0
OI-wiki,OI-wiki,4943,0
OSInside,kiwi,1380,0
OSInside,kiwi,47,0
OkGoDoIt,OpenAI-API-dotnet,56,0
OmniSpective,OmniBridge,24,0
OneKeyHQ,app-monorepo,4102,0
Oneflow-Inc,libai,11,0
Oneflow-Inc,libai,18,0
Oneflow-Inc,libai,267,0
Oneflow-Inc,libai,269,0
Oneflow-Inc,libai,343,0
Oneflow-Inc,libai,417,0
Oneflow-Inc,libai,68,0
Oneflow-Inc,libai,83,0
Oneflow-Inc,models,177,0
Oneflow-Inc,oneflow,4500,0
Oneflow-Inc,oneflow,4666,0
Oneflow-Inc,oneflow,4753,0
Oneflow-Inc,oneflow,4806,0
Oneflow-Inc,oneflow,5281,0
Oneflow-Inc,oneflow,5410,0
Oneflow-Inc,oneflow,6149,0
Oneflow-Inc,oneflow,6286,0
Oneflow-Inc,oneflow,6415,0
Oneflow-Inc,oneflow,6778,0
OpenAtomFoundation,pika,1586,0
OpenAtomFoundation,pikiwidb,221,0
OpenAtomFoundation,pikiwidb,42,0
OpenDevin,OpenDevin,481,0
OpenMindClub,awesome-chatgpt,33,0
PaddlePaddle,ERNIE-SDK,116,0
PaddlePaddle,Paddle,33771,0
PaddlePaddle,Paddle,38114,0
PaddlePaddle,Paddle,47764,0
PaddlePaddle,Paddle,48112,0
PaddlePaddle,Paddle,48650,0
PaddlePaddle,Paddle,50082,0
PaddlePaddle,Paddle,50137,0
PaddlePaddle,Paddle,51426,0
PaddlePaddle,Paddle,54727,0
PaddlePaddle,Paddle,56519,0
PaddlePaddle,Paddle,56798,0
PaddlePaddle,Paddle,57084,0
PaddlePaddle,Paddle,57446,0
PaddlePaddle,Paddle,58346,0
PaddlePaddle,Paddle,59179,0
PaddlePaddle,PaddleFleetX,1056,0
PaddlePaddle,PaddleNLP,1306,0
PaddlePaddle,PaddleNLP,1974,0
PaddlePaddle,PaddleNLP,1981,0
PaddlePaddle,PaddleNLP,2001,0
PaddlePaddle,PaddleNLP,2108,0
PaddlePaddle,PaddleNLP,2144,0
PaddlePaddle,PaddleNLP,2521,0
PaddlePaddle,PaddleNLP,2641,0
PaddlePaddle,PaddleNLP,2917,0
PaddlePaddle,PaddleNLP,3018,0
PaddlePaddle,PaddleNLP,304,0
PaddlePaddle,PaddleNLP,3106,0
PaddlePaddle,PaddleNLP,3260,0
PaddlePaddle,PaddleNLP,3261,0
PaddlePaddle,PaddleNLP,3962,0
PaddlePaddle,PaddleNLP,4091,0
PaddlePaddle,PaddleNLP,4141,0
PaddlePaddle,PaddleNLP,4194,0
PaddlePaddle,PaddleNLP,4247,0
PaddlePaddle,PaddleNLP,4306,0
PaddlePaddle,PaddleNLP,4311,0
PaddlePaddle,PaddleNLP,4565,0
PaddlePaddle,PaddleNLP,4566,0
PaddlePaddle,PaddleNLP,4567,0
PaddlePaddle,PaddleNLP,4568,0
PaddlePaddle,PaddleNLP,4570,0
PaddlePaddle,PaddleNLP,4575,0
PaddlePaddle,PaddleNLP,4577,0
PaddlePaddle,PaddleNLP,459,0
PaddlePaddle,PaddleNLP,4603,0
PaddlePaddle,PaddleNLP,4910,0
PaddlePaddle,PaddleNLP,496,0
PaddlePaddle,PaddleNLP,5156,0
PaddlePaddle,PaddleNLP,5186,0
PaddlePaddle,PaddleNLP,5216,0
PaddlePaddle,PaddleNLP,5535,0
PaddlePaddle,PaddleNLP,5538,0
PaddlePaddle,PaddleNLP,5539,0
PaddlePaddle,PaddleNLP,5545,0
PaddlePaddle,PaddleNLP,5618,0
PaddlePaddle,PaddleNLP,5623,0
PaddlePaddle,PaddleNLP,569,0
PaddlePaddle,PaddleNLP,5760,0
PaddlePaddle,PaddleNLP,6601,0
PaddlePaddle,PaddleNLP,663,0
PaddlePaddle,PaddleNLP,6635,0
PaddlePaddle,PaddleNLP,6660,0
PaddlePaddle,PaddleNLP,6885,0
PaddlePaddle,PaddleNLP,7056,0
PaddlePaddle,PaddleNLP,7115,0
PaddlePaddle,PaddleNLP,7186,0
PaddlePaddle,PaddleNLP,7224,0
PaddlePaddle,PaddleNLP,7478,0
PaddlePaddle,PaddleNLP,7576,0
PaddlePaddle,PaddleNLP,7613,0
PaddlePaddle,PaddleNLP,816,0
PaddlePaddle,PaddleNLP,872,0
PaddlePaddle,benchmark,1160,0
ParabolInc,parabol,7543,0
Perfare,Zygisk-Il2CppDumper,169,0
PostHog,posthog,20268,0
PostHog,posthog.com,7086,0
Pseudo-Lab,labmlai_annotated_deeplearning_paper_implementation,12,0
Pseudo-Lab,labmlai_annotated_deeplearning_paper_implementation,4,0
Pythagora-io,gpt-pilot,463,0
QiuSimons,openwrt-mos,163,0
QubesOS,qubes-doc,572,0
QubesOS,qubes-doc,881,0
Quyzi,gpt,16,0
QwikDev,qwik,3585,0
RIOT-OS,RIOT,13717,0
RIOT-OS,RIOT,19495,0
RealKai42,qwerty-learner,475,0
RealKai42,qwerty-learner,545,0
RealKai42,qwerty-learner,769,0
RedrockMobile,CyxbsMobile_iOS,183,0
RobertCNelson,boot-scripts,41,0
Runnect,Runnect-Android,275,0
SSWConsulting,SSW.Rewards.Mobile,625,0
SalesforceCommerceCloud,pwa-kit,1700,0
Samsung,TizenRT,3324,0
SeisoLLC,goat,101,0
SeongukBaek,algoStudy,58,0
SerbiaStrong-220,space-station-14,64,0
SerenityOS,serenity,18833,0
SerenityOS,serenity,760,0
SergeyPirogov,webdriver_manager,537,0
ShipBit,wingman-ai,123,0
Shopify,cli,1904,0
Significant-Gravitas,Auto-GPT-Plugins,88,0
SillyTavern,SillyTavern,347,0
Skyrat-SS13,Skyrat-tg,20958,0
SocialAI-tianji,Tianji,29,0
SocialSisterYi,CxKitty,87,0
StaticMania,keep-react,11,0
Stendhalsynd,baekjoon-algorithm-study,50,0
Survive-XJTLU-CS,SurviveXJTLUManual,20,0
Sweet196,Compiler,20,0
TNG,please-cli,21,0
Team-Shaka,Briefing-Backend,98,0
TeamHavit,Havit-Android,877,0
TencentBlueKing,blueking-paas,346,0
TencentBlueKing,blueking-paas,566,0
TencentBlueKing,blueking-paas,609,0
TheExplainthis,AI-Products-All-In-One,3,0
TheExplainthis,AI-Products-All-In-One,9,0
ThilinaRajapakse,simpletransformers,516,0
Together-Java,TJ-Bot,865,0
Tomas-M,linux-live,84,0
V4Fire,Client,1095,0
V4Fire,Client,1130,0
V4Fire,Client,1158,0
V4Fire,Client,1193,0
V4Fire,Client,896,0
V4Fire,Client,900,0
VFrontDe-Org,ESXi-Customizer-PS,50,0
WOONGEYA,JJoing-Frontend,6,0
Waterball-Software-Academy,WSA-Utopia-Discord-Bot,150,0
WeOps-Lab,OpsPilot,10,0
WeOps-Lab,OpsPilot,20,0
WeOps-Lab,OpsPilot,21,0
WeOps-Lab,OpsPilot,30,0
WeOps-Lab,OpsPilot,8,0
Wikia,ad-engine,1214,0
Wikia,ad-engine,1747,0
Wikia,ad-engine,1755,0
Wikia,ad-engine,1910,0
Wikia,ad-engine,2160,0
Wikia,ad-engine,2170,0
Wikia,ad-engine,2202,0
Wikia,ad-engine,2224,0
Wikia,ad-engine,245,0
Wikia,ad-engine,428,0
Wikia,app,10018,0
Wikia,app,10283,0
Wikia,app,12958,0
Wikia,app,13989,0
Wikia,app,14324,0
Wikia,app,14376,0
Wikia,app,15180,0
Wikia,app,15287,0
Wikia,app,16466,0
Wikia,app,17786,0
Wikia,app,3236,0
Wikia,app,3435,0
Wikia,app,3519,0
Wikia,app,3582,0
Wikia,app,5017,0
Wikia,app,5018,0
Wikia,app,524,0
Wikia,app,5316,0
Wikia,app,5441,0
Wikia,app,5771,0
Wikia,app,6285,0
Wikia,app,6523,0
Wikia,app,6786,0
Wikia,app,767,0
Wikia,app,8454,0
Wikia,app,859,0
Wikia,selenium-tests,309,0
Wikia,selenium-tests,590,0
Wikia,selenium-tests,693,0
Wikia,selenium-tests,983,0
Wizleap-Inc,wiz-ui,490,0
XTLS,Xray-docs-next,482,0
YAPP-Github,onboard-aos,1,0
YAPP-Github,onboard-server,79,0
YatSenOS,YatSenOS-Tutorial-Volume-2,5,0
ZLMediaKit,ZLToolKit,227,0
adventurerscodex,adventurerscodex,2193,0
akash-network,node,1506,0
alexrudall,ruby-openai,234,0
allegro,allms,21,0
allenai,OLMo,43,0
alleyinteractive,ad-layers,4,0
alleyinteractive,ad-layers,63,0
allwefantasy,byzer-llm,17,0
alpa-projects,alpa,308,0
ampproject,amphtml,18698,0
ampproject,amphtml,2303,0
ampproject,amphtml,7999,0
andsens,bootstrap-vz,256,0
ansible-collections,community.general,6338,0
ant-design,ant-design,43798,0
ant-design,ant-design,44034,0
ant-design,ant-design,47307,0
ant-design,ant-design-web3,505,0
antfu,antfu.me,74,0
antvis,G6,4953,0
antvis,scale,208,0
apache,dubbo-go,2643,0
apache,dubbo-go-samples,711,0
apache,dubbo-kubernetes,176,0
apache,eventmesh,4817,0
apache,incubator-hugegraph,2237,0
apache,incubator-hugegraph-doc,259,0
apache,incubator-hugegraph-doc,261,0
apache,incubator-hugegraph-doc,262,0
apache,incubator-hugegraph-doc,265,0
apache,incubator-hugegraph-doc,269,0
apache,incubator-hugegraph-doc,283,0
apache,incubator-hugegraph-doc,330,0
apache,incubator-hugegraph-doc,353,0
apache,kyuubi,4544,0
apache,mxnet,20061,0
apecloud,kubeblocks,6474,0
apecloud,kubeblocks,6642,0
apecloud,kubeblocks,6667,0
apple,axlearn,416,0
appsmithorg,appsmith,29573,0
archlinux,arch-boxes,107,0
archlinux,archinstall,802,0
area9innovation,flow9,1285,0
argilla-io,distilabel,327,0
argonne-lcf,user-guides,207,0
armbian,build,3282,0
armbian,build,3300,0
armbian,build,4189,0
arquivei,foundationkit,284,0
artsy,force,7977,0
asyml,forte,499,0
autotest,tp-qemu,2294,0
autotest,tp-qemu,2949,0
avelino,awesome-go,4929,0
avocado-framework,avocado-vt,2071,0
avocado-framework,avocado-vt,2370,0
awesome-chatgpt,awesome-chatgpt,158,0
aws-samples,awsome-distributed-training,246,0
awsdocs,amazon-ec2-user-guide,1,0
badass-courses,course-builder,85,0
balena-os,balena-beaglebone,583,0
balena-os,meta-balena,3194,0
beginner-codes,beginner.py-bot,45,0
bgwebagency,who-wants-to-be-a-javascriptaire,42,0
bigscience-workshop,Megatron-DeepSpeed,271,0
bigscience-workshop,lm-evaluation-harness,153,0
bigscience-workshop,promptsource,450,0
bigscience-workshop,promptsource,468,0
biliup,biliup,762,0
billw2,rpi-clone,147,0
binary-husky,gpt_academic,17,0
bloomberg,pybossa,840,0
boostcampwm2023,and06-nibobnebob,112,0
boostcampwm2023,iOS10-OpenList,196,0
boostcampwm2023,web01-GitChallenge,101,0
boostcampwm2023,web18_Dandi,126,0
bottlerocket-os,bottlerocket,2920,0
braze-inc,braze-docs,5102,0
calamares,calamares,840,0
canonical,cloud-init,479,0
canonical,cloud-init,655,0
canonical,lxd-pkg-snap,145,0
ceph,ceph,22709,0
ceph,ceph-ansible,3072,0
channel-io,bezier-react,1418,0
chatchat-space,Langchain-Chatchat,3184,0
chroma-core,chroma,206,0
cilium,cilium,28993,0
cirros-dev,cirros,82,0
cloud-native-taiwan,Infra-Labs-Docs,43,0
cnpm,cnpmcore,615,0
cockpit-project,bots,5891,0
cocos,cocos-engine,16685,0
codante-io,rinha-frontend,12,0
code-kern-ai,bricks,375,0
codespell-project,codespell,3222,0
codinasion,program,1332,0
codinasion,program,2053,0
combinatrix-ai,ask.sh,1,0
conan-io,conan-center-index,17809,0
conan-io,conan-center-index,20508,0
consenlabs,token-profile,7088,0
containers,podman,20595,0
continuedev,continue,1039,0
coolsnowwolf,lede,2783,0
coop182,jquery.dfp.js,134,0
coreos,bootupd,203,0
coreos,fedora-coreos-config,1888,0
coreos,fedora-coreos-config,2986,0
coreos,fedora-coreos-docs,336,0
coreos,ignition-dracut,191,0
coveo,ui-kit,3073,0
coveo,ui-kit,3674,0
cozy,cozy-drive,3100,0
crowdsecurity,crowdsec,2950,0
czerwonk,junos_exporter,126,0
dai-motoki,zoltraak,98,0
darktable-org,darktable,1783,0
dart-lang,language,3176,0
dataelement,bisheng,121,0
dataelement,bisheng,478,0
datawhalechina,learn-nlp-with-transformers,33,0
datawhalechina,llm-cookbook,136,0
datawhalechina,llm-universe,85,0
dbeaver,idea-workspace-dbeaver,8,0
deepjavalibrary,djl-serving,1659,0
deepjavalibrary,djl-serving,1725,0
deepset-ai,haystack,4357,0
deepset-ai,haystack,6212,0
deepset-ai,haystack,6214,0
determined-ai,determined,6200,0
devitocodes,devito,2130,0
devitocodes,devito,2131,0
devitocodes,devito,2135,0
devitocodes,devito,2143,0
devitocodes,devito,547,0
devitocodes,devito,837,0
devitocodes,devito,904,0
digital-asset,daml,3294,0
digiteinfotech,kairon,1160,0
digiteinfotech,kairon,218,0
diskfs,go-diskfs,11,0
dlt-hub,dlt,1184,0
docker-library,official-images,15006,0
docker-library,official-images,1926,0
docker-library,official-images,2132,0
docker-library,official-images,3479,0
dortania,OpenCore-Post-Install,36,0
dotnet,ai-samples,26,0
dqbd,tiktoken,51,0
drisspg,transformer_nuggets,31,0
dsccommunity,StorageDsc,60,0
duckduckgo,content-blocking-whitelist,70,0
duckduckgo,privacy-configuration,1057,0
duckduckgo,privacy-configuration,1281,0
duckduckgo,privacy-configuration,1376,0
duckduckgo,privacy-configuration,1405,0
duckduckgo,privacy-configuration,1594,0
duckduckgo,privacy-configuration,1741,0
duckduckgo,privacy-configuration,1745,0
duckduckgo,privacy-configuration,588,0
duckduckgo,privacy-configuration,918,0
dust-tt,dust,2533,0
dylanaraps,community,1242,0
eEIi0A5L,adblock_filter,11,0
eEIi0A5L,adblock_filter,17,0
easylist,easylist,12180,0
easylist,easylist,12693,0
easylist,easylist,14845,0
easylist,easylist,5924,0
easylist,easylist,7539,0
effective-tech-interview,effective-tech-interview-be,15,0
effective-tech-interview,effective-tech-interview-be,2,0
eggjs,egg,5296,0
embox,embox,2383,0
embox,embox,2384,0
empirical-org,Empirical-Core,9439,0
encarsia,gpt,17,0
endlessm,eos-boot-helper,29,0
endlessm,eos-boot-helper,59,0
enmerk4r,GHPT,12,0
envoyproxy,envoy,13669,0
eon01,awesome-chatgpt,44,0
erda-project,erda-ui,4004,0
explosion,spacy-llm,80,0
facebookresearch,ParlAI,2069,0
facebookresearch,ParlAI,4542,0
facebookresearch,multimodal,504,0
father-bot,chatgpt_telegram_bot,404,0
filipecalegario,awesome-generative-ai,125,0
fluxcd,website,1573,0
flyingSaucer87,los-pollos-hermanos,78,0
forcedotcom,salesforcedx-vscode,5253,0
forcedotcom,salesforcedx-vscode,5331,0
fractl-io,fractl,1127,0
freeCodeCamp,chinese,1160,0
fscarmen2,Argo-Nezha-Service-Container,25,0
ftrias,TeensyThreads,21,0
fullstack-development,blockchain-wiki,44,0
fw876,helloworld,1350,0
fwupd,fwupd,1573,0
fwupd,fwupd,1777,0
fwupd,fwupd,5178,0
fwupd,fwupd,571,0
fwupd,fwupd,584,0
gemini-hlsw,ocs,633,0
gentoo,gentoo,10626,0
gentoo,gentoo,10645,0
gentoo,gentoo,10741,0
gentoo,gentoo,11713,0
gentoo,gentoo,11847,0
gentoo,gentoo,11883,0
gentoo,gentoo,11884,0
gentoo,gentoo,11885,0
gentoo,gentoo,11932,0
gentoo,gentoo,12051,0
gentoo,gentoo,12161,0
gentoo,gentoo,12179,0
gentoo,gentoo,12184,0
gentoo,gentoo,12490,0
gentoo,gentoo,12555,0
gentoo,gentoo,12612,0
gentoo,gentoo,12613,0
gentoo,gentoo,12617,0
gentoo,gentoo,12850,0
gentoo,gentoo,12861,0
gentoo,gentoo,20384,0
gentoo,gentoo,34024,0
gentoo,gentoo,9645,0
getsentry,sentry,61152,0
getsolus,os-installer,6,0
ggerganov,ggml,359,0
ggerganov,ggml,40,0
ggerganov,ggml,62,0
ggerganov,llama.cpp,1100,0
ggerganov,llama.cpp,1944,0
ggerganov,llama.cpp,2005,0
ggerganov,llama.cpp,652,0
git-challenge-design-system,design-system,26,0
github-linguist,linguist,3744,0
github-linguist,linguist,6373,0
gokrazy,tools,44,0
gonum,plot,505,0
goodjoblife,GoodJobShare,1204,0
gpt-engineer-org,gpt-engineer,1125,0
gpt-engineer-org,gpt-engineer,465,0
gpt-engineer-org,gpt-engineer,473,0
gpt-engineer-org,gpt-engineer,512,0
gpt-engineer-org,gpt-engineer,937,0
gptlint,gptlint,3,0
gretelai,gretel-blueprints,297,0
grml,grml-debootstrap,259,0
guardian,frontend,21282,0
guardian,frontend,7765,0
h2oai,h2o-llmstudio,301,0
haiku,website,263,0
halo-dev,docs,276,0
harttle,md-padding,25,0
hashicorp,dev-portal,2155,0
hashicorp,dev-portal,2205,0
he0119,nonebot-plugin-wordcloud,132,0
home-assistant,operating-system,1548,0
hpcaitech,ColossalAI,1985,0
hpcaitech,ColossalAI,2028,0
hpcaitech,ColossalAI,4836,0
hpcaitech,ColossalAI-Documentation,136,0
hq450,fancyss_history_package,45,0
huggingface,blog,71,0
huggingface,candle,1847,0
huggingface,dataset-viewer,1026,0
huggingface,dataset-viewer,1048,0
huggingface,dataset-viewer,1088,0
huggingface,dataset-viewer,1200,0
huggingface,dataset-viewer,1289,0
huggingface,dataset-viewer,1321,0
huggingface,dataset-viewer,1412,0
huggingface,dataset-viewer,1534,0
huggingface,dataset-viewer,651,0
huggingface,dataset-viewer,871,0
huggingface,dataset-viewer,985,0
huggingface,dataset-viewer,986,0
huggingface,huggingface_hub,1692,0
huggingface,huggingface_hub,39,0
huggingface,optimum,1180,0
huggingface,peft,1135,0
huggingface,peft,1217,0
huggingface,peft,815,0
huggingface,transformers,1288,0
huggingface,transformers,1853,0
huggingface,transformers,20474,0
huggingface,transformers,22209,0
huggingface,transformers,28802,0
hummingbot,hummingbot,6130,0
iDvel,rime-ice,496,0
imvanda,Tree_This_Folder,22,0
intel,confidential-cloud-native-primitives,180,0
intel,neural-compressor,1017,0
intel,xFasterTransformer,41,0
ipxe,ipxe,612,0
isMrFan,dk-plus-ui,112,0
isucon,isucon11-final,212,0
isucon,isucon11-final,356,0
isucon,isucon11-final,380,0
isucon,isucon11-final,423,0
isucon,isucon11-final,58,0
isucon,isucon11-final,97,0
jaanauati,react-dfp,200,0
jaanauati,react-dfp,29,0
jht3820,luna-pipe,1521,0
jht3820,luna-pipe,1525,0
jht3820,luna-pipe,1533,0
jht3820,luna-pipe,1611,0
jigintern,intern-dev-tutorial,28,0
jmxx219,CS-Study,165,0
joshiemoore,snakeware,94,0
jumpserver,jumpserver,12207,0
jumpserver,jumpserver,12287,0
jumpserver,lina,3564,0
jupyterlab,jupyter-ai,340,0
k2-fsa,icefall,1099,0
kaixindelele,ChatPaper,81,0
karthink,gptel,7,0
kellyjonbrazil,jc,528,0
keptn,lifecycle-toolkit,2412,0
keras-team,keras-io,57,0
kiss-community,community,106,0
kono-dada,Sakuranotoki-Chinese,40,0
kosukesaigusa,mottai-flutter-app,69,0
kosukesaigusa,mottai-flutter-app,89,0
krahets,hello-algo,962,0
kubernetes,minikube,9225,0
kufu,product-design,126,0
lablab-ai,archived-tutorials,43,0
lablab-ai,community-content,17,0
labring,laf,1523,0
langchain-ai,langchain,6887,0
langchain-ai,langchain,8891,0
langchain-ai,langchainjs,1679,0
langchain-ai,langchainjs,289,0
langfuse,langfuse-docs,362,0
langfuse,langfuse-docs,544,0
lastmile-ai,aiconfig,1112,0
lastmile-ai,semantic-retrieval,55,0
leanprover-community,mathzoo,8,0
leanprover-community,mathzoo,9,0
lehner,gpt,138,0
lehner,gpt,18,0
lehner,gpt,21,0
lehner,gpt,25,0
lehner,gpt,27,0
lehner,gpt,34,0
lehner,gpt,40,0
lehner,gpt,41,0
lehner,gpt,51,0
lehner,gpt,6,0
lehner,gpt,67,0
lehner,gpt,78,0
lfapac-open-source-evangelist,translation,414,0
libyui,libyui,33,0
lima-vm,lima,1065,0
lima-vm,lima,952,0
linuxdeepin,deepin-system-monitor,161,0
linuxdeepin,deepin-system-monitor,162,0
linuxdeepin,deepin-system-monitor,164,0
linuxdeepin,deepin-system-monitor,165,0
linuxdeepin,deepin-system-monitor,166,0
linuxkit,linuxkit,3723,0
litagin02,Style-Bert-VITS2,118,0
lm-sys,FastChat,2856,0
lobehub,lobe-tts,23,0
logto-io,logto,4334,0
lonePatient,awesome-pretrained-chinese-nlp-models,24,0
longhorn,longhorn-engine,1017,0
longhorn,longhorn-engine,1021,0
longhorn,longhorn-engine,1025,0
lucidrains,imagen-pytorch,27,0
mahseema,awesome-ai-tools,7,0
mash-up-kr,moit-web,27,0
mckaywrigley,chatbot-ui,1535,0
mckaywrigley,chatbot-ui,507,0
mdn,translated-content,19207,0
mendersoftware,mender-convert,187,0
microsoft,DeepSpeed,1204,0
microsoft,DeepSpeed,1622,0
microsoft,DeepSpeed,2245,0
microsoft,DeepSpeed,2289,0
microsoft,DeepSpeed,3629,0
microsoft,DeepSpeed-MII,31,0
microsoft,FLAML,1076,0
microsoft,Megatron-DeepSpeed,102,0
microsoft,Megatron-DeepSpeed,291,0
microsoft,PubSec-Info-Assistant,308,0
microsoft,autogen,1926,0
microsoft,autogen,352,0
microsoft,autogen,834,0
microsoft,generative-ai-for-beginners,229,0
microsoft,generative-ai-for-beginners,230,0
microsoft,semantic-kernel,148,0
microsoft,teams-ai,694,0
minosvasilias,toolformer-zero,10,0
minosvasilias,toolformer-zero,11,0
mlarhrouch,azure-pipeline-gpt-pr-review,30,0
mlfoundations,open_flamingo,214,0
modularml,max,30,0
module-federation,core,770,0
module-federation,core,875,0
mon5termatt,medicat_installer,69,0
mosaicml,composer,2146,0
mosaicml,composer,731,0
mosaicml,examples,25,0
mosaicml,examples,422,0
mosaicml,examples,55,0
mosaicml,examples,94,0
mosaicml,llm-foundry,210,0
mosaicml,llm-foundry,272,0
mosaicml,llm-foundry,9,0
mudita,MuditaOS,2274,0
mudler,LocalAI,2196,0
mudler,luet,150,0
n3d1117,chatgpt-telegram-bot,101,0
n3d1117,chatgpt-telegram-bot,457,0
neuralmagic,sparseml,2062,0
nginx,agent,237,0
nginx,agent,238,0
nginx,agent,239,0
ni,meta-nilrt,134,0
nix-community,disko,213,0
nix-community,disko,242,0
nix-community,disko,265,0
nix-community,disko,273,0
nix-community,disko,482,0
nonebot,nonebot2,1651,0
oamg,convert2rhel,223,0
oauth2-proxy,oauth2-proxy,2407,0
obsidianmd,obsidian-releases,2618,0
ocademy-ai,machine-learning,751,0
ocaml,opam-repository,22790,0
one-among-us,data,150,0
onlydustxyz,marketplace-frontend,1538,0
onnx,models,484,0
onnx,models,517,0
onnx,onnx-mlir,1148,0
opa334,Dopamine,369,0
open-compass,opencompass,680,0
open-space-collective,open-space-toolkit-astrodynamics,333,0
openSUSE,libstorage-ng,353,0
openai-php,laravel,65,0
openai,evals,463,0
openai,tiktoken,105,0
opencomputeproject,onie,786,0
opendilab,LightZero,40,0
openmainframeproject,feilong,209,0
opensearch-project,flow-framework,119,0
openshift-pipelines,pipelines-as-code,1220,0
openshift,installer,7484,0
openshift,library-go,1705,0
openshift,lightspeed-service,549,0
opensourceai,spark-plan,23,0
openvinotoolkit,openvino,15688,0
openwrt,openwrt,10690,0
openwrt,openwrt,14522,0
openwrt,openwrt,1486,0
openwrt,openwrt,3797,0
openzfs,zfs,537,0
openzfs,zfs,5672,0
ophub,amlogic-s9xxx-armbian,991,0
opnsense,plugins,3762,0
opsschool,curriculum,22,0
os-autoinst,os-autoinst-distri-opensuse,1118,0
os-autoinst,os-autoinst-distri-opensuse,12376,0
os-autoinst,os-autoinst-distri-opensuse,12414,0
os-autoinst,os-autoinst-distri-opensuse,12761,0
os-autoinst,os-autoinst-distri-opensuse,13737,0
os-autoinst,os-autoinst-distri-opensuse,16186,0
os-autoinst,os-autoinst-distri-opensuse,16685,0
os-autoinst,os-autoinst-distri-opensuse,17479,0
os-autoinst,os-autoinst-distri-opensuse,2740,0
os-autoinst,os-autoinst-distri-opensuse,5632,0
os-autoinst,os-autoinst-distri-opensuse,5793,0
os-autoinst,os-autoinst-distri-opensuse,5801,0
os-autoinst,os-autoinst-distri-opensuse,5831,0
os-autoinst,os-autoinst-distri-opensuse,5865,0
os-autoinst,os-autoinst-distri-opensuse,7901,0
os-autoinst,os-autoinst-distri-opensuse,8326,0
os-autoinst,os-autoinst-distri-opensuse,8404,0
os-autoinst,os-autoinst-distri-opensuse,8445,0
os-autoinst,os-autoinst-distri-opensuse,9449,0
os-autoinst,os-autoinst-distri-opensuse,9632,0
os-autoinst,os-autoinst-distri-opensuse,9647,0
outlines-dev,outlines,113,0
package-url,purl-spec,201,0
pagers-org,react-world,15,0
pagers-org,react-world,73,0
patterns-ai-core,langchainrb,387,0
payonel,ocvm,46,0
pengutronix,genimage,155,0
penpot,penpot,156,0
penpot,penpot,2650,0
pixeltable,pixeltable,73,0
pknu-wap,WAPP,73,0
ploomber,doc,118,0
polkadot-js,phishing,3977,0
polkadot-js,phishing,4089,0
popcorn-time,popcorn-app,528,0
postlight,parser,383,0
pot-app,pot-desktop,269,0
prebid,Prebid.js,10005,0
prebid,Prebid.js,10138,0
prebid,Prebid.js,10175,0
prebid,Prebid.js,10393,0
prebid,Prebid.js,10412,0
prebid,Prebid.js,10611,0
prebid,Prebid.js,10627,0
prebid,Prebid.js,11405,0
prebid,Prebid.js,1245,0
prebid,Prebid.js,1345,0
prebid,Prebid.js,1431,0
prebid,Prebid.js,1819,0
prebid,Prebid.js,1880,0
prebid,Prebid.js,1944,0
prebid,Prebid.js,2033,0
prebid,Prebid.js,2077,0
prebid,Prebid.js,2135,0
prebid,Prebid.js,2172,0
prebid,Prebid.js,2207,0
prebid,Prebid.js,2268,0
prebid,Prebid.js,2318,0
prebid,Prebid.js,2370,0
prebid,Prebid.js,2394,0
prebid,Prebid.js,2436,0
prebid,Prebid.js,2575,0
prebid,Prebid.js,2631,0
prebid,Prebid.js,2643,0
prebid,Prebid.js,2663,0
prebid,Prebid.js,2809,0
prebid,Prebid.js,2855,0
prebid,Prebid.js,293,0
prebid,Prebid.js,3135,0
prebid,Prebid.js,3244,0
prebid,Prebid.js,3347,0
prebid,Prebid.js,3389,0
prebid,Prebid.js,3408,0
prebid,Prebid.js,3575,0
prebid,Prebid.js,3601,0
prebid,Prebid.js,364,0
prebid,Prebid.js,3731,0
prebid,Prebid.js,3750,0
prebid,Prebid.js,3808,0
prebid,Prebid.js,3884,0
prebid,Prebid.js,3953,0
prebid,Prebid.js,3963,0
prebid,Prebid.js,4015,0
prebid,Prebid.js,4088,0
prebid,Prebid.js,4089,0
prebid,Prebid.js,4128,0
prebid,Prebid.js,4192,0
prebid,Prebid.js,4259,0
prebid,Prebid.js,4365,0
prebid,Prebid.js,4520,0
prebid,Prebid.js,4597,0
prebid,Prebid.js,4626,0
prebid,Prebid.js,4654,0
prebid,Prebid.js,4657,0
prebid,Prebid.js,4690,0
prebid,Prebid.js,4731,0
prebid,Prebid.js,4834,0
prebid,Prebid.js,4927,0
prebid,Prebid.js,4949,0
prebid,Prebid.js,5040,0
prebid,Prebid.js,5045,0
prebid,Prebid.js,5064,0
prebid,Prebid.js,5155,0
prebid,Prebid.js,5185,0
prebid,Prebid.js,5275,0
prebid,Prebid.js,5283,0
prebid,Prebid.js,5388,0
prebid,Prebid.js,5531,0
prebid,Prebid.js,5553,0
prebid,Prebid.js,5606,0
prebid,Prebid.js,5677,0
prebid,Prebid.js,6002,0
prebid,Prebid.js,6067,0
prebid,Prebid.js,6070,0
prebid,Prebid.js,6290,0
prebid,Prebid.js,6378,0
prebid,Prebid.js,6393,0
prebid,Prebid.js,6486,0
prebid,Prebid.js,6514,0
prebid,Prebid.js,653,0
prebid,Prebid.js,6583,0
prebid,Prebid.js,7014,0
prebid,Prebid.js,7161,0
prebid,Prebid.js,7195,0
prebid,Prebid.js,7268,0
prebid,Prebid.js,7655,0
prebid,Prebid.js,7708,0
prebid,Prebid.js,7886,0
prebid,Prebid.js,7917,0
prebid,Prebid.js,8121,0
prebid,Prebid.js,8479,0
prebid,Prebid.js,8621,0
prebid,Prebid.js,8960,0
prebid,Prebid.js,9032,0
prebid,Prebid.js,9841,0
prebid,Prebid.js,9852,0
prebid,Prebid.js,9877,0
prebid,Prebid.js,9940,0
prebid,prebid-universal-creative,165,0
prebid,prebid-universal-creative,64,0
prebid,prebid.github.io,135,0
prgrms-fe-devcourse,FEDC4_TMI_HOMERS_OFF,56,0
pulp-platform,cheshire,54,0
pytorch,hub,11,0
pytorch,pytorch,19716,0
pytorch,pytorch,64036,0
pytorch,torchtune,151,0
pytorch,torchtune,23,0
pytorch,torchtune,897,0
pzcn,Perfect-Icons-Completion-Project,85,0
pzcn,Perfect-Icons-Completion-Project,93,0
qmk,qmk_firmware,10120,0
qmk,qmk_firmware,5623,0
r-lib,lintr,2321,0
radareorg,radare2,6065,0
radxa,debos-radxa,1,0
radxa,kernel,48,0
rancher,apiserver,43,0
rancher,elemental-cli,317,0
rancher,remotedialer,64,0
raspberrypi,rpi-eeprom,382,0
rauc,rauc,1371,0
ray-project,llm-numbers,14,0
razorpay,blade,1535,0
reactjs,ja.react.dev,544,0
rear,rear,1385,0
rear,rear,2303,0
rear,rear,2420,0
rear,rear,3031,0
redhat-performance,tuned,415,0
reorx,awesome-chatgpt-api,53,0
rhboot,efibootmgr,120,0
rhboot,efibootmgr,44,0
rhboot,efibootmgr,62,0
rhboot,shim,374,0
rhboot,shim,422,0
risingwavelabs,risingwave,8546,0
roboflow,gpt-checkup,17,0
rocky-linux,rocky-tools,51,0
run-llama,llama_index,6764,0
run-llama,llama_index,8669,0
rustformers,llm,122,0
sPHENIX-Collaboration,coresoftware,671,0
sPHENIX-Collaboration,coresoftware,672,0
sapcc,go-bits,97,0
sapcc,keppel,306,0
seL4,seL4,188,0
seL4,seL4,197,0
sealdice,sealdice-core,26,0
sealdice,sealdice-core,405,0
seeden,react-google-publisher-tag,5,0
senbox-org,snap-engine,333,0
senbox-org,snap-engine,358,0
shiguredo,sora-js-sdk,420,0
shirou,gopsutil,884,0
simonw,llm,130,0
skypilot-org,skypilot,2987,0
slds-lmu,seminar_multimodal_dl,11,0
smartbugs,smartbugs,178,0
snapcore,snapd,10928,0
snapcore,snapd,7593,0
softlayer,softlayer-python,1497,0
songquanpeng,one-api,1349,0
songquanpeng,one-api,314,0
songquanpeng,one-api,315,0
sonic-net,sonic-buildimage,1512,0
sopt-makers,sopt.org-frontend,200,0
sourcegraph,cody,2559,0
sparcs-kaist,taxi-front,769,0
spidernet-io,spiderpool,1573,0
stackitcloud,terraform-provider-stackit,129,0
stanford-crfm,ecosystem-graphs,156,0
stanford-crfm,helm,1457,0
stanford-crfm,helm,1809,0
stanford-crfm,levanter,404,0
steven2358,awesome-generative-ai,21,0
storaged-project,udisks,693,0
systemd,mkosi,2056,0
systemd,mkosi,39,0
systemd,mkosi,872,0
systemd,mkosi,987,0
systemd,systemd,16859,0
systemd,systemd,18684,0
systemd,systemd,19514,0
systemd,systemd,19944,0
systemd,systemd,20069,0
systemd,systemd,2014,0
systemd,systemd,2017,0
systemd,systemd,23693,0
systemd,systemd,24307,0
systemd,systemd,26023,0
systemd,systemd,26695,0
systemd,systemd,27942,0
systemd,systemd,28467,0
systemd,systemd,29583,0
systemd,systemd,29691,0
systemd,systemd,30616,0
systemd,systemd,5704,0
systemd,zram-generator,25,0
t2linux,wiki,445,0
taishi-i,awesome-ChatGPT-repositories,44,0
talkpython,talk-python-transcripts,141,0
tangem,tangem-app-android,1542,0
tangly1024,NotionNext,1657,0
tarasglek,chatcraft.org,172,0
tardis-sn,tardis,2261,0
target,flottbot,486,0
tencentyun,qcloud-documents,14380,0
thu-coai,ConvLab-2,210,0
tidbyt,community,1334,0
tldr-pages,tldr,10095,0
tldr-pages,tldr,3788,0
tldr-pages,tldr,5261,0
tock,tock,3333,0
tooooo1,dust-rating,34,0
tpm2-software,tpm2-tools,2690,0
triton-inference-server,tensorrtllm_backend,269,0
truenas,middleware,10664,0
truenas,middleware,10667,0
truenas,middleware,10668,0
truenas,middleware,95,0
typst-doc-cn,typst-doc-cn.github.io,16,0
u-root,u-root,372,0
uBlockOrigin,uAssets,21082,0
uBlockOrigin,uAssets,23000,0
uBlockOrigin,uAssets,23359,0
uBlockOrigin,uAssets,9637,0
ubiquity,ubiquibot,802,0
ultralytics,JSON2YOLO,77,0
umijs,umi,11801,0
umijs,umi,12165,0
uni-bremen-agst,SEE,621,0
uptrain-ai,uptrain,590,0
utelecon,utelecon.github.io,999,0
util-linux,util-linux,1089,0
util-linux,util-linux,1532,0
varianter,handbook,300,0
vllm-project,vllm,2804,0
volantis-x,hexo-theme-volantis,884,0
vstakhov,libucl,259,0
waveofmymind,GoodJob,229,0
waylaidwanderer,node-chatgpt-api,268,0
wealthsimple,llm-gateway,35,0
webstudio-is,webstudio,2403,0
wgwang,awesome-LLMs-In-China,34,0
wildfly-security,wildfly-elytron,1567,0
windingwind,zotero-pdf-translate,398,0
windingwind,zotero-types,37,0
wix-incubator,quix,515,0
wong2,chatgpt-google-extension,31,0
woowacourse-precourse,java-lotto-6,1067,0
woowacourse-precourse,java-lotto-6,726,0
woowacourse-precourse,java-racingcar-6,596,0
woowacourse-precourse,java-racingcar-6,995,0
woowacourse-teams,2023-3-ddang,156,0
woowacourse-teams,2023-baton,625,0
woowacourse-teams,2023-hang-log,404,0
woowacourse-teams,2023-map-befine,553,0
woowacourse-teams,2023-shook,255,0
woowacourse-teams,2023-votogether,166,0
woowacourse-teams,2023-votogether,320,0
woowacourse-teams,2023-votogether,45,0
woowacourse-teams,2023-votogether,53,0
woowacourse-teams,2023-votogether,821,0
woowacourse,java-chess,697,0
woowacourse,react-payments,392,0
wormhole-foundation,wormhole,3868,0
wxywb,history_rag,26,0
xiaorouji,openwrt-passwall,3059,0
xinyu1205,recognize-anything,9,0
xmake-io,xmake-repo,3140,0
yast,yast-storage-ng,1109,0
yast,yast-storage-ng,127,0
yast,yast-storage-ng,1355,0
yast,yast-storage-ng,283,0
yast,yast-storage-ng,48,0
yast,yast-storage-ng,926,0
yatengLG,ISAT_with_segment_anything,144,0
yk47g,gitkraken-chinese,12,0
yogeshojha,rengine,1096,0
yogeshojha,rengine,963,0
yunionio,cloudpods,746,0
yunionio,docs,1515,0
yunionio,docs,1568,0
yxlllc,DDSP-SVC,74,0
zalando-incubator,fabric-gateway,58,0
zeabur,zeabur,278,0
zephyrproject-rtos,zephyr,15302,0
zephyrproject-rtos,zephyr,49801,0
zephyrproject-rtos,zephyr,59212,0
zephyrproject-rtos,zephyr,60717,0
zhongyang219,MusicPlayer2,604,0
zotero-chinese,zotero-plugins,76,0
neelnanda-io,TransformerLens,245,1
LC1332,Chat-Haruhi-Suzumiya,30,0